params: 109.5M | device: cuda
step     0 | loss 10.5309 | lr 5.71e-07 | gnorm 2.20 | 35,170 tok/s | mfu 19.3%
step    10 | loss 10.3351 | lr 6.29e-06 | gnorm 2.98 | 39,836 tok/s | mfu 21.8%
step    20 | loss 9.9987 | lr 1.20e-05 | gnorm 1.17 | 40,076 tok/s | mfu 21.9%
step    30 | loss 9.8385 | lr 1.77e-05 | gnorm 0.93 | 40,272 tok/s | mfu 22.1%
step    40 | loss 9.6351 | lr 2.34e-05 | gnorm 0.89 | 40,227 tok/s | mfu 22.0%
step    50 | loss 9.3439 | lr 2.91e-05 | gnorm 1.39 | 40,473 tok/s | mfu 22.2%
step    60 | loss 9.0480 | lr 3.49e-05 | gnorm 1.07 | 40,375 tok/s | mfu 22.1%
step    70 | loss 8.7656 | lr 4.06e-05 | gnorm 1.10 | 40,261 tok/s | mfu 22.0%
step    80 | loss 8.4942 | lr 4.63e-05 | gnorm 0.95 | 40,093 tok/s | mfu 22.0%
step    90 | loss 8.2477 | lr 5.20e-05 | gnorm 1.13 | 40,003 tok/s | mfu 21.9%
step   100 | loss 8.0110 | lr 5.77e-05 | gnorm 0.97 | 39,949 tok/s | mfu 21.9%
step   110 | loss 7.8419 | lr 6.34e-05 | gnorm 1.08 | 39,967 tok/s | mfu 21.9%
step   120 | loss 7.6711 | lr 6.91e-05 | gnorm 1.18 | 39,948 tok/s | mfu 21.9%
step   130 | loss 7.4866 | lr 7.49e-05 | gnorm 1.78 | 39,829 tok/s | mfu 21.8%
step   140 | loss 7.3297 | lr 8.06e-05 | gnorm 1.66 | 39,786 tok/s | mfu 21.8%
step   150 | loss 7.1870 | lr 8.63e-05 | gnorm 1.24 | 39,761 tok/s | mfu 21.8%
step   160 | loss 7.0137 | lr 9.20e-05 | gnorm 1.16 | 39,756 tok/s | mfu 21.8%
step   170 | loss 6.9442 | lr 9.77e-05 | gnorm 1.16 | 39,745 tok/s | mfu 21.8%
step   180 | loss 6.8109 | lr 1.03e-04 | gnorm 1.47 | 39,737 tok/s | mfu 21.8%
step   190 | loss 6.7315 | lr 1.09e-04 | gnorm 1.28 | 39,903 tok/s | mfu 21.9%
step   200 | loss 6.6098 | lr 1.15e-04 | gnorm 1.40 | 39,703 tok/s | mfu 21.7%
step   210 | loss 6.5470 | lr 1.21e-04 | gnorm 1.59 | 39,689 tok/s | mfu 21.7%
step   220 | loss 6.3932 | lr 1.26e-04 | gnorm 1.51 | 39,686 tok/s | mfu 21.7%
step   230 | loss 6.3479 | lr 1.32e-04 | gnorm 1.32 | 39,700 tok/s | mfu 21.7%
step   240 | loss 6.2431 | lr 1.38e-04 | gnorm 1.09 | 39,652 tok/s | mfu 21.7%
step   250 | loss 6.1584 | lr 1.43e-04 | gnorm 1.28 | 39,639 tok/s | mfu 21.7%
step   260 | loss 6.0896 | lr 1.49e-04 | gnorm 1.14 | 39,648 tok/s | mfu 21.7%
step   270 | loss 6.0441 | lr 1.55e-04 | gnorm 1.45 | 39,660 tok/s | mfu 21.7%
step   280 | loss 5.9832 | lr 1.61e-04 | gnorm 1.10 | 39,653 tok/s | mfu 21.7%
step   290 | loss 5.8839 | lr 1.66e-04 | gnorm 1.08 | 39,607 tok/s | mfu 21.7%
step   300 | loss 5.8342 | lr 1.72e-04 | gnorm 1.32 | 39,628 tok/s | mfu 21.7%
step   310 | loss 5.7398 | lr 1.78e-04 | gnorm 1.39 | 39,684 tok/s | mfu 21.7%
step   320 | loss 5.7589 | lr 1.83e-04 | gnorm 1.33 | 39,607 tok/s | mfu 21.7%
step   330 | loss 5.7213 | lr 1.89e-04 | gnorm 1.32 | 39,597 tok/s | mfu 21.7%
step   340 | loss 5.6589 | lr 1.95e-04 | gnorm 1.12 | 39,636 tok/s | mfu 21.7%
step   350 | loss 5.5817 | lr 2.01e-04 | gnorm 0.87 | 39,617 tok/s | mfu 21.7%
step   360 | loss 5.5078 | lr 2.06e-04 | gnorm 1.11 | 39,656 tok/s | mfu 21.7%
step   370 | loss 5.4938 | lr 2.12e-04 | gnorm 0.97 | 39,675 tok/s | mfu 21.7%
step   380 | loss 5.4927 | lr 2.18e-04 | gnorm 1.02 | 39,739 tok/s | mfu 21.8%
step   390 | loss 5.4415 | lr 2.23e-04 | gnorm 0.99 | 39,604 tok/s | mfu 21.7%
step   400 | loss 5.3451 | lr 2.29e-04 | gnorm 1.30 | 39,700 tok/s | mfu 21.7%
step   410 | loss 5.3852 | lr 2.35e-04 | gnorm 1.13 | 39,611 tok/s | mfu 21.7%
step   420 | loss 5.3258 | lr 2.41e-04 | gnorm 0.78 | 39,718 tok/s | mfu 21.8%
step   430 | loss 5.2783 | lr 2.46e-04 | gnorm 0.92 | 39,615 tok/s | mfu 21.7%
step   440 | loss 5.2502 | lr 2.52e-04 | gnorm 0.99 | 39,566 tok/s | mfu 21.7%
step   450 | loss 5.2157 | lr 2.58e-04 | gnorm 0.96 | 39,572 tok/s | mfu 21.7%
step   460 | loss 5.1649 | lr 2.63e-04 | gnorm 0.71 | 39,688 tok/s | mfu 21.7%
step   470 | loss 5.1633 | lr 2.69e-04 | gnorm 0.94 | 39,572 tok/s | mfu 21.7%
step   480 | loss 5.1396 | lr 2.75e-04 | gnorm 0.92 | 39,589 tok/s | mfu 21.7%
step   490 | loss 5.1368 | lr 2.81e-04 | gnorm 0.75 | 39,667 tok/s | mfu 21.7%
step   500 | loss 5.1027 | lr 2.86e-04 | gnorm 0.94 | 39,555 tok/s | mfu 21.7%
step   510 | loss 5.0514 | lr 2.92e-04 | gnorm 0.88 | 39,625 tok/s | mfu 21.7%
step   520 | loss 5.0096 | lr 2.98e-04 | gnorm 0.75 | 39,561 tok/s | mfu 21.7%
step   530 | loss 4.9802 | lr 3.03e-04 | gnorm 0.66 | 39,540 tok/s | mfu 21.7%
step   540 | loss 5.0574 | lr 3.09e-04 | gnorm 0.80 | 39,565 tok/s | mfu 21.7%
step   550 | loss 4.9243 | lr 3.15e-04 | gnorm 0.74 | 39,552 tok/s | mfu 21.7%
step   560 | loss 4.8748 | lr 3.21e-04 | gnorm 0.97 | 39,532 tok/s | mfu 21.6%
step   570 | loss 4.9002 | lr 3.26e-04 | gnorm 0.88 | 39,544 tok/s | mfu 21.7%
step   580 | loss 4.8675 | lr 3.32e-04 | gnorm 0.68 | 39,569 tok/s | mfu 21.7%
step   590 | loss 4.8493 | lr 3.38e-04 | gnorm 0.87 | 39,566 tok/s | mfu 21.7%
step   600 | loss 4.8279 | lr 3.43e-04 | gnorm 0.68 | 39,559 tok/s | mfu 21.7%
step   610 | loss 4.7187 | lr 3.49e-04 | gnorm 0.67 | 39,534 tok/s | mfu 21.7%
step   620 | loss 4.7358 | lr 3.55e-04 | gnorm 0.54 | 39,571 tok/s | mfu 21.7%
step   630 | loss 4.7810 | lr 3.61e-04 | gnorm 0.76 | 39,530 tok/s | mfu 21.6%
step   640 | loss 4.7502 | lr 3.66e-04 | gnorm 0.74 | 39,507 tok/s | mfu 21.6%
step   650 | loss 4.6412 | lr 3.72e-04 | gnorm 0.60 | 39,528 tok/s | mfu 21.6%
step   660 | loss 4.5948 | lr 3.78e-04 | gnorm 0.86 | 39,510 tok/s | mfu 21.6%
step   670 | loss 4.6530 | lr 3.83e-04 | gnorm 0.88 | 39,497 tok/s | mfu 21.6%
step   680 | loss 4.6164 | lr 3.89e-04 | gnorm 0.59 | 39,520 tok/s | mfu 21.6%
step   690 | loss 4.5998 | lr 3.95e-04 | gnorm 0.71 | 39,512 tok/s | mfu 21.6%
step   700 | loss 4.5488 | lr 4.00e-04 | gnorm 0.70 | 39,542 tok/s | mfu 21.7%
step   710 | loss 4.5618 | lr 4.00e-04 | gnorm 0.59 | 39,521 tok/s | mfu 21.6%
step   720 | loss 4.5392 | lr 4.00e-04 | gnorm 0.51 | 39,529 tok/s | mfu 21.6%
step   730 | loss 4.5531 | lr 4.00e-04 | gnorm 0.61 | 39,498 tok/s | mfu 21.6%
step   740 | loss 4.5188 | lr 4.00e-04 | gnorm 0.63 | 39,552 tok/s | mfu 21.7%
step   750 | loss 4.5132 | lr 4.00e-04 | gnorm 0.54 | 39,536 tok/s | mfu 21.7%
step   760 | loss 4.4629 | lr 4.00e-04 | gnorm 0.45 | 39,532 tok/s | mfu 21.6%
step   770 | loss 4.4975 | lr 4.00e-04 | gnorm 0.54 | 39,543 tok/s | mfu 21.7%
step   780 | loss 4.3995 | lr 4.00e-04 | gnorm 0.58 | 39,504 tok/s | mfu 21.6%
step   790 | loss 4.4406 | lr 4.00e-04 | gnorm 0.44 | 39,555 tok/s | mfu 21.7%
step   800 | loss 4.3936 | lr 4.00e-04 | gnorm 0.51 | 39,499 tok/s | mfu 21.6%
step   810 | loss 4.4028 | lr 4.00e-04 | gnorm 0.45 | 39,545 tok/s | mfu 21.7%
step   820 | loss 4.3659 | lr 4.00e-04 | gnorm 0.51 | 39,486 tok/s | mfu 21.6%
step   830 | loss 4.4325 | lr 4.00e-04 | gnorm 0.57 | 39,524 tok/s | mfu 21.6%
step   840 | loss 4.3555 | lr 4.00e-04 | gnorm 0.51 | 39,501 tok/s | mfu 21.6%
step   850 | loss 4.3120 | lr 4.00e-04 | gnorm 0.41 | 39,554 tok/s | mfu 21.7%
step   860 | loss 4.3512 | lr 4.00e-04 | gnorm 0.51 | 39,491 tok/s | mfu 21.6%
step   870 | loss 4.3369 | lr 4.00e-04 | gnorm 0.41 | 39,652 tok/s | mfu 21.7%
step   880 | loss 4.3504 | lr 4.00e-04 | gnorm 0.62 | 39,687 tok/s | mfu 21.7%
step   890 | loss 4.3473 | lr 4.00e-04 | gnorm 1.18 | 39,547 tok/s | mfu 21.7%
step   900 | loss 4.3585 | lr 4.00e-04 | gnorm 0.65 | 39,606 tok/s | mfu 21.7%
step   910 | loss 4.3153 | lr 4.00e-04 | gnorm 0.56 | 39,532 tok/s | mfu 21.6%
step   920 | loss 4.3201 | lr 4.00e-04 | gnorm 0.36 | 39,583 tok/s | mfu 21.7%
step   930 | loss 4.2665 | lr 4.00e-04 | gnorm 0.33 | 39,662 tok/s | mfu 21.7%
step   940 | loss 4.2477 | lr 4.00e-04 | gnorm 0.47 | 39,609 tok/s | mfu 21.7%
step   950 | loss 4.2243 | lr 4.00e-04 | gnorm 0.47 | 39,572 tok/s | mfu 21.7%
step   960 | loss 4.2099 | lr 4.00e-04 | gnorm 0.43 | 39,618 tok/s | mfu 21.7%
step   970 | loss 4.2193 | lr 4.00e-04 | gnorm 0.39 | 39,484 tok/s | mfu 21.6%
step   980 | loss 4.2116 | lr 4.00e-04 | gnorm 0.54 | 39,531 tok/s | mfu 21.6%
step   990 | loss 4.2378 | lr 4.00e-04 | gnorm 0.47 | 39,483 tok/s | mfu 21.6%
step  1000 | loss 4.2109 | lr 4.00e-04 | gnorm 0.42 | 39,527 tok/s | mfu 21.6%
W0903 16:39:17.053000 11424 torch/_inductor/utils.py:1613] [0/1] Not enough SMs to use max_autotune_gemm mode
  >> eval  step 1000  train 4.1659  val 4.2071  val_ppl 67.16
step  1010 | loss 4.2049 | lr 4.00e-04 | gnorm 0.39 | 33,964 tok/s | mfu 18.6%
step  1020 | loss 4.1716 | lr 4.00e-04 | gnorm 0.47 | 39,496 tok/s | mfu 21.6%
step  1030 | loss 4.2391 | lr 4.00e-04 | gnorm 0.36 | 39,535 tok/s | mfu 21.7%
step  1040 | loss 4.1986 | lr 4.00e-04 | gnorm 0.45 | 39,621 tok/s | mfu 21.7%
step  1050 | loss 4.1295 | lr 4.00e-04 | gnorm 0.36 | 39,496 tok/s | mfu 21.6%
step  1060 | loss 4.1382 | lr 4.00e-04 | gnorm 0.44 | 39,489 tok/s | mfu 21.6%
step  1070 | loss 4.1688 | lr 4.00e-04 | gnorm 0.41 | 39,500 tok/s | mfu 21.6%
step  1080 | loss 4.2060 | lr 4.00e-04 | gnorm 0.36 | 39,524 tok/s | mfu 21.6%
step  1090 | loss 4.1612 | lr 4.00e-04 | gnorm 0.37 | 39,541 tok/s | mfu 21.7%
step  1100 | loss 4.1310 | lr 4.00e-04 | gnorm 0.40 | 39,489 tok/s | mfu 21.6%
step  1110 | loss 4.1567 | lr 4.00e-04 | gnorm 0.38 | 39,521 tok/s | mfu 21.6%
step  1120 | loss 4.1742 | lr 4.00e-04 | gnorm 1.24 | 39,551 tok/s | mfu 21.7%
step  1130 | loss 4.1356 | lr 4.00e-04 | gnorm 0.37 | 39,521 tok/s | mfu 21.6%
step  1140 | loss 4.1026 | lr 4.00e-04 | gnorm 0.37 | 39,516 tok/s | mfu 21.6%
step  1150 | loss 4.0895 | lr 4.00e-04 | gnorm 0.34 | 39,496 tok/s | mfu 21.6%
step  1160 | loss 4.0744 | lr 4.00e-04 | gnorm 0.37 | 39,500 tok/s | mfu 21.6%
step  1170 | loss 4.1225 | lr 4.00e-04 | gnorm 0.31 | 39,470 tok/s | mfu 21.6%
step  1180 | loss 4.1491 | lr 4.00e-04 | gnorm 0.41 | 39,492 tok/s | mfu 21.6%
step  1190 | loss 4.0976 | lr 4.00e-04 | gnorm 0.35 | 39,487 tok/s | mfu 21.6%
step  1200 | loss 4.0251 | lr 4.00e-04 | gnorm 0.37 | 39,536 tok/s | mfu 21.7%
step  1210 | loss 4.0337 | lr 4.00e-04 | gnorm 0.32 | 39,454 tok/s | mfu 21.6%
step  1220 | loss 4.0934 | lr 4.00e-04 | gnorm 0.47 | 39,537 tok/s | mfu 21.7%
step  1230 | loss 4.0398 | lr 4.00e-04 | gnorm 0.34 | 39,466 tok/s | mfu 21.6%
step  1240 | loss 4.0496 | lr 4.00e-04 | gnorm 0.37 | 39,480 tok/s | mfu 21.6%
step  1250 | loss 4.0798 | lr 4.00e-04 | gnorm 0.35 | 39,538 tok/s | mfu 21.7%
step  1260 | loss 4.0291 | lr 4.00e-04 | gnorm 0.44 | 39,577 tok/s | mfu 21.7%
step  1270 | loss 4.0147 | lr 4.00e-04 | gnorm 0.32 | 39,488 tok/s | mfu 21.6%
step  1280 | loss 4.0402 | lr 4.00e-04 | gnorm 0.36 | 39,499 tok/s | mfu 21.6%
step  1290 | loss 4.0313 | lr 4.00e-04 | gnorm 0.33 | 39,504 tok/s | mfu 21.6%
step  1300 | loss 4.0094 | lr 4.00e-04 | gnorm 0.35 | 39,498 tok/s | mfu 21.6%
step  1310 | loss 4.0152 | lr 4.00e-04 | gnorm 0.33 | 39,503 tok/s | mfu 21.6%
step  1320 | loss 3.9784 | lr 4.00e-04 | gnorm 0.43 | 39,466 tok/s | mfu 21.6%
step  1330 | loss 3.9906 | lr 4.00e-04 | gnorm 0.34 | 39,488 tok/s | mfu 21.6%
step  1340 | loss 4.0219 | lr 4.00e-04 | gnorm 0.40 | 39,506 tok/s | mfu 21.6%
step  1350 | loss 3.9554 | lr 4.00e-04 | gnorm 0.34 | 39,521 tok/s | mfu 21.6%
step  1360 | loss 3.9746 | lr 4.00e-04 | gnorm 0.46 | 39,524 tok/s | mfu 21.6%
step  1370 | loss 3.9858 | lr 4.00e-04 | gnorm 0.31 | 39,492 tok/s | mfu 21.6%
step  1380 | loss 4.0330 | lr 4.00e-04 | gnorm 0.35 | 39,514 tok/s | mfu 21.6%
step  1390 | loss 4.0278 | lr 4.00e-04 | gnorm 0.34 | 39,560 tok/s | mfu 21.7%
step  1400 | loss 4.0219 | lr 4.00e-04 | gnorm 0.32 | 39,512 tok/s | mfu 21.6%
step  1410 | loss 4.0308 | lr 4.00e-04 | gnorm 0.36 | 39,516 tok/s | mfu 21.6%
step  1420 | loss 3.9703 | lr 4.00e-04 | gnorm 0.38 | 39,493 tok/s | mfu 21.6%
step  1430 | loss 4.0043 | lr 4.00e-04 | gnorm 0.33 | 39,448 tok/s | mfu 21.6%
step  1440 | loss 3.9764 | lr 4.00e-04 | gnorm 0.33 | 39,550 tok/s | mfu 21.7%
step  1450 | loss 3.9848 | lr 4.00e-04 | gnorm 0.38 | 39,468 tok/s | mfu 21.6%
step  1460 | loss 3.9511 | lr 4.00e-04 | gnorm 0.31 | 39,508 tok/s | mfu 21.6%
step  1470 | loss 3.9939 | lr 4.00e-04 | gnorm 0.38 | 39,469 tok/s | mfu 21.6%
step  1480 | loss 3.9541 | lr 4.00e-04 | gnorm 0.31 | 39,499 tok/s | mfu 21.6%
step  1490 | loss 3.9756 | lr 4.00e-04 | gnorm 0.32 | 39,611 tok/s | mfu 21.7%
step  1500 | loss 3.9802 | lr 4.00e-04 | gnorm 0.31 | 39,597 tok/s | mfu 21.7%
step  1510 | loss 3.9646 | lr 4.00e-04 | gnorm 0.32 | 39,630 tok/s | mfu 21.7%
step  1520 | loss 3.9487 | lr 4.00e-04 | gnorm 0.29 | 39,680 tok/s | mfu 21.7%
step  1530 | loss 3.9208 | lr 4.00e-04 | gnorm 0.30 | 39,678 tok/s | mfu 21.7%
step  1540 | loss 3.9520 | lr 4.00e-04 | gnorm 0.30 | 39,600 tok/s | mfu 21.7%
step  1550 | loss 3.9748 | lr 4.00e-04 | gnorm 0.31 | 39,631 tok/s | mfu 21.7%
step  1560 | loss 3.9746 | lr 4.00e-04 | gnorm 0.40 | 39,534 tok/s | mfu 21.7%
step  1570 | loss 3.9497 | lr 4.00e-04 | gnorm 0.33 | 39,567 tok/s | mfu 21.7%
step  1580 | loss 3.9119 | lr 4.00e-04 | gnorm 0.37 | 39,580 tok/s | mfu 21.7%
step  1590 | loss 3.9537 | lr 4.00e-04 | gnorm 0.30 | 39,698 tok/s | mfu 21.7%
step  1600 | loss 3.9078 | lr 4.00e-04 | gnorm 0.41 | 39,833 tok/s | mfu 21.8%
step  1610 | loss 3.9262 | lr 4.00e-04 | gnorm 0.29 | 39,705 tok/s | mfu 21.7%
step  1620 | loss 3.8915 | lr 4.00e-04 | gnorm 0.34 | 39,886 tok/s | mfu 21.8%
step  1630 | loss 3.9157 | lr 4.00e-04 | gnorm 0.32 | 39,810 tok/s | mfu 21.8%
step  1640 | loss 3.8814 | lr 4.00e-04 | gnorm 0.27 | 40,004 tok/s | mfu 21.9%
step  1650 | loss 3.9151 | lr 4.00e-04 | gnorm 0.36 | 39,692 tok/s | mfu 21.7%
step  1660 | loss 3.9157 | lr 4.00e-04 | gnorm 0.30 | 39,483 tok/s | mfu 21.6%
step  1670 | loss 3.8952 | lr 4.00e-04 | gnorm 0.33 | 39,461 tok/s | mfu 21.6%
step  1680 | loss 3.9038 | lr 4.00e-04 | gnorm 0.31 | 39,610 tok/s | mfu 21.7%
step  1690 | loss 3.8872 | lr 4.00e-04 | gnorm 0.32 | 39,559 tok/s | mfu 21.7%
step  1700 | loss 3.9123 | lr 4.00e-04 | gnorm 0.30 | 39,554 tok/s | mfu 21.7%
step  1710 | loss 3.9025 | lr 4.00e-04 | gnorm 0.35 | 39,474 tok/s | mfu 21.6%
step  1720 | loss 3.9015 | lr 4.00e-04 | gnorm 0.30 | 39,541 tok/s | mfu 21.7%
step  1730 | loss 3.9492 | lr 4.00e-04 | gnorm 0.30 | 39,542 tok/s | mfu 21.7%
step  1740 | loss 3.8990 | lr 4.00e-04 | gnorm 0.28 | 39,505 tok/s | mfu 21.6%
step  1750 | loss 3.8758 | lr 4.00e-04 | gnorm 6.03 | 39,510 tok/s | mfu 21.6%
step  1760 | loss 3.9274 | lr 4.00e-04 | gnorm 0.41 | 39,430 tok/s | mfu 21.6%
step  1770 | loss 3.8743 | lr 4.00e-04 | gnorm 0.33 | 39,468 tok/s | mfu 21.6%
step  1780 | loss 3.9137 | lr 4.00e-04 | gnorm 0.41 | 39,439 tok/s | mfu 21.6%
step  1790 | loss 3.9055 | lr 4.00e-04 | gnorm 0.28 | 39,481 tok/s | mfu 21.6%
step  1800 | loss 3.8792 | lr 4.00e-04 | gnorm 0.38 | 39,473 tok/s | mfu 21.6%
step  1810 | loss 3.8836 | lr 4.00e-04 | gnorm 5.33 | 39,672 tok/s | mfu 21.7%
step  1820 | loss 3.9255 | lr 4.00e-04 | gnorm 1.01 | 39,679 tok/s | mfu 21.7%
step  1830 | loss 3.8767 | lr 4.00e-04 | gnorm 1.97 | 39,517 tok/s | mfu 21.6%
step  1840 | loss 3.8808 | lr 4.00e-04 | gnorm 0.29 | 39,558 tok/s | mfu 21.7%
step  1850 | loss 3.8512 | lr 4.00e-04 | gnorm 0.27 | 39,649 tok/s | mfu 21.7%
step  1860 | loss 3.9173 | lr 4.00e-04 | gnorm 0.29 | 39,585 tok/s | mfu 21.7%
step  1870 | loss 3.8576 | lr 4.00e-04 | gnorm 0.29 | 39,570 tok/s | mfu 21.7%
step  1880 | loss 3.8566 | lr 4.00e-04 | gnorm 0.35 | 39,585 tok/s | mfu 21.7%
step  1890 | loss 3.8329 | lr 4.00e-04 | gnorm 0.27 | 39,808 tok/s | mfu 21.8%
step  1900 | loss 3.8633 | lr 4.00e-04 | gnorm 0.35 | 39,585 tok/s | mfu 21.7%
step  1910 | loss 3.8311 | lr 4.00e-04 | gnorm 0.35 | 39,505 tok/s | mfu 21.6%
step  1920 | loss 3.8384 | lr 4.00e-04 | gnorm 0.31 | 39,488 tok/s | mfu 21.6%
step  1930 | loss 3.8567 | lr 4.00e-04 | gnorm 0.26 | 39,618 tok/s | mfu 21.7%
step  1940 | loss 3.8629 | lr 4.00e-04 | gnorm 0.29 | 39,508 tok/s | mfu 21.6%
step  1950 | loss 3.9010 | lr 4.00e-04 | gnorm 0.30 | 39,438 tok/s | mfu 21.6%
step  1960 | loss 3.8637 | lr 4.00e-04 | gnorm 0.29 | 39,745 tok/s | mfu 21.8%
step  1970 | loss 3.8359 | lr 4.00e-04 | gnorm 0.28 | 39,761 tok/s | mfu 21.8%
step  1980 | loss 3.8686 | lr 4.00e-04 | gnorm 0.28 | 39,803 tok/s | mfu 21.8%
step  1990 | loss 3.8507 | lr 4.00e-04 | gnorm 0.31 | 39,631 tok/s | mfu 21.7%
resumed at step 2000
step  2000 | loss 3.8433 | lr 4.00e-04 | gnorm 0.28 | 35,220 tok/s | mfu 19.3%
step  2010 | loss 3.9003 | lr 4.00e-04 | gnorm 0.32 | 40,362 tok/s | mfu 22.1%
step  2020 | loss 3.8388 | lr 4.00e-04 | gnorm 0.28 | 39,469 tok/s | mfu 21.6%
step  2030 | loss 3.8803 | lr 4.00e-04 | gnorm 0.27 | 39,423 tok/s | mfu 21.6%
step  2040 | loss 3.8372 | lr 4.00e-04 | gnorm 0.27 | 39,562 tok/s | mfu 21.7%
step  2050 | loss 3.7894 | lr 4.00e-04 | gnorm 0.31 | 39,477 tok/s | mfu 21.6%
step  2060 | loss 3.7977 | lr 4.00e-04 | gnorm 0.25 | 39,707 tok/s | mfu 21.7%
step  2070 | loss 3.8420 | lr 4.00e-04 | gnorm 0.34 | 39,434 tok/s | mfu 21.6%
step  2080 | loss 3.8029 | lr 4.00e-04 | gnorm 0.31 | 39,501 tok/s | mfu 21.6%
step  2090 | loss 3.8183 | lr 4.00e-04 | gnorm 0.26 | 39,739 tok/s | mfu 21.8%
step  2100 | loss 3.8194 | lr 4.00e-04 | gnorm 0.35 | 39,555 tok/s | mfu 21.7%
step  2110 | loss 3.8477 | lr 4.00e-04 | gnorm 0.30 | 39,650 tok/s | mfu 21.7%
step  2120 | loss 3.8338 | lr 4.00e-04 | gnorm 0.32 | 39,555 tok/s | mfu 21.7%
step  2130 | loss 3.8217 | lr 4.00e-04 | gnorm 0.28 | 39,673 tok/s | mfu 21.7%
step  2140 | loss 3.8224 | lr 4.00e-04 | gnorm 0.36 | 39,564 tok/s | mfu 21.7%
step  2150 | loss 3.8075 | lr 4.00e-04 | gnorm 0.26 | 39,535 tok/s | mfu 21.7%
step  2160 | loss 3.8284 | lr 4.00e-04 | gnorm 0.27 | 39,713 tok/s | mfu 21.7%
step  2170 | loss 3.7853 | lr 4.00e-04 | gnorm 0.27 | 39,455 tok/s | mfu 21.6%
step  2180 | loss 3.8037 | lr 4.00e-04 | gnorm 0.29 | 39,489 tok/s | mfu 21.6%
step  2190 | loss 3.8122 | lr 4.00e-04 | gnorm 0.30 | 39,445 tok/s | mfu 21.6%
step  2200 | loss 3.7979 | lr 4.00e-04 | gnorm 0.30 | 39,468 tok/s | mfu 21.6%
step  2210 | loss 3.8190 | lr 4.00e-04 | gnorm 0.29 | 39,470 tok/s | mfu 21.6%
step  2220 | loss 3.7772 | lr 4.00e-04 | gnorm 0.27 | 39,445 tok/s | mfu 21.6%
step  2230 | loss 3.7947 | lr 4.00e-04 | gnorm 0.30 | 39,609 tok/s | mfu 21.7%
step  2240 | loss 3.7962 | lr 4.00e-04 | gnorm 0.39 | 39,552 tok/s | mfu 21.7%
step  2250 | loss 3.7607 | lr 4.00e-04 | gnorm 0.26 | 39,576 tok/s | mfu 21.7%
step  2260 | loss 3.7691 | lr 4.00e-04 | gnorm 0.27 | 39,453 tok/s | mfu 21.6%
step  2270 | loss 3.7760 | lr 4.00e-04 | gnorm 0.27 | 39,418 tok/s | mfu 21.6%
step  2280 | loss 3.8228 | lr 4.00e-04 | gnorm 0.32 | 39,491 tok/s | mfu 21.6%
step  2290 | loss 3.7957 | lr 4.00e-04 | gnorm 0.26 | 39,425 tok/s | mfu 21.6%
step  2300 | loss 3.7791 | lr 4.00e-04 | gnorm 0.26 | 39,465 tok/s | mfu 21.6%
step  2310 | loss 3.8142 | lr 4.00e-04 | gnorm 0.26 | 39,448 tok/s | mfu 21.6%
step  2320 | loss 3.8046 | lr 4.00e-04 | gnorm 0.28 | 39,430 tok/s | mfu 21.6%
step  2330 | loss 3.7966 | lr 4.00e-04 | gnorm 0.29 | 39,390 tok/s | mfu 21.6%
step  2340 | loss 3.8115 | lr 4.00e-04 | gnorm 0.27 | 39,408 tok/s | mfu 21.6%
step  2350 | loss 3.8076 | lr 4.00e-04 | gnorm 0.32 | 39,476 tok/s | mfu 21.6%
step  2360 | loss 3.8174 | lr 4.00e-04 | gnorm 0.29 | 39,462 tok/s | mfu 21.6%
step  2370 | loss 3.8376 | lr 4.00e-04 | gnorm 0.26 | 39,561 tok/s | mfu 21.7%
step  2380 | loss 3.7652 | lr 4.00e-04 | gnorm 0.30 | 39,518 tok/s | mfu 21.6%
step  2390 | loss 3.7931 | lr 4.00e-04 | gnorm 0.32 | 39,426 tok/s | mfu 21.6%
step  2400 | loss 3.7773 | lr 4.00e-04 | gnorm 0.27 | 39,408 tok/s | mfu 21.6%
step  2410 | loss 3.7897 | lr 4.00e-04 | gnorm 0.26 | 39,394 tok/s | mfu 21.6%
step  2420 | loss 3.7590 | lr 4.00e-04 | gnorm 0.31 | 39,443 tok/s | mfu 21.6%
step  2430 | loss 3.7762 | lr 4.00e-04 | gnorm 0.31 | 39,446 tok/s | mfu 21.6%
step  2440 | loss 3.7479 | lr 4.00e-04 | gnorm 0.29 | 39,506 tok/s | mfu 21.6%
step  2450 | loss 3.8140 | lr 4.00e-04 | gnorm 0.31 | 39,414 tok/s | mfu 21.6%
step  2460 | loss 3.8052 | lr 4.00e-04 | gnorm 0.27 | 39,483 tok/s | mfu 21.6%
step  2470 | loss 3.7988 | lr 4.00e-04 | gnorm 0.47 | 39,427 tok/s | mfu 21.6%
step  2480 | loss 3.8182 | lr 4.00e-04 | gnorm 0.27 | 39,420 tok/s | mfu 21.6%
step  2490 | loss 3.7368 | lr 4.00e-04 | gnorm 0.26 | 39,424 tok/s | mfu 21.6%
step  2500 | loss 3.7266 | lr 4.00e-04 | gnorm 0.25 | 39,433 tok/s | mfu 21.6%
step  2510 | loss 3.7451 | lr 4.00e-04 | gnorm 0.29 | 39,588 tok/s | mfu 21.7%
step  2520 | loss 3.7303 | lr 4.00e-04 | gnorm 0.27 | 39,415 tok/s | mfu 21.6%
step  2530 | loss 3.7383 | lr 4.00e-04 | gnorm 0.27 | 39,453 tok/s | mfu 21.6%
step  2540 | loss 3.7726 | lr 4.00e-04 | gnorm 0.32 | 39,474 tok/s | mfu 21.6%
step  2550 | loss 3.7428 | lr 4.00e-04 | gnorm 0.26 | 39,530 tok/s | mfu 21.6%
step  2560 | loss 3.7908 | lr 4.00e-04 | gnorm 0.27 | 39,454 tok/s | mfu 21.6%
step  2570 | loss 3.7144 | lr 4.00e-04 | gnorm 0.27 | 39,429 tok/s | mfu 21.6%
step  2580 | loss 3.7358 | lr 4.00e-04 | gnorm 0.28 | 39,466 tok/s | mfu 21.6%
step  2590 | loss 3.7140 | lr 4.00e-04 | gnorm 0.30 | 39,419 tok/s | mfu 21.6%
step  2600 | loss 3.7412 | lr 4.00e-04 | gnorm 0.29 | 39,461 tok/s | mfu 21.6%
step  2610 | loss 3.7449 | lr 4.00e-04 | gnorm 0.28 | 39,439 tok/s | mfu 21.6%
step  2620 | loss 3.7311 | lr 4.00e-04 | gnorm 0.29 | 39,473 tok/s | mfu 21.6%
step  2630 | loss 3.7745 | lr 4.00e-04 | gnorm 0.26 | 39,448 tok/s | mfu 21.6%
step  2640 | loss 3.7480 | lr 4.00e-04 | gnorm 0.25 | 39,426 tok/s | mfu 21.6%
step  2650 | loss 3.7694 | lr 4.00e-04 | gnorm 0.29 | 39,469 tok/s | mfu 21.6%
step  2660 | loss 3.6878 | lr 4.00e-04 | gnorm 0.24 | 39,477 tok/s | mfu 21.6%
step  2670 | loss 3.7720 | lr 4.00e-04 | gnorm 0.27 | 39,528 tok/s | mfu 21.6%
step  2680 | loss 3.7214 | lr 4.00e-04 | gnorm 0.27 | 39,437 tok/s | mfu 21.6%
step  2690 | loss 3.7154 | lr 4.00e-04 | gnorm 0.26 | 39,579 tok/s | mfu 21.7%
step  2700 | loss 3.7591 | lr 4.00e-04 | gnorm 0.30 | 39,513 tok/s | mfu 21.6%
step  2710 | loss 3.7840 | lr 4.00e-04 | gnorm 0.32 | 39,655 tok/s | mfu 21.7%
step  2720 | loss 3.7252 | lr 4.00e-04 | gnorm 0.25 | 39,461 tok/s | mfu 21.6%
step  2730 | loss 3.7338 | lr 4.00e-04 | gnorm 0.31 | 39,568 tok/s | mfu 21.7%
step  2740 | loss 3.7690 | lr 4.00e-04 | gnorm 0.24 | 39,545 tok/s | mfu 21.7%
step  2750 | loss 3.7647 | lr 4.00e-04 | gnorm 0.27 | 39,519 tok/s | mfu 21.6%
step  2760 | loss 3.7161 | lr 4.00e-04 | gnorm 0.26 | 39,510 tok/s | mfu 21.6%
step  2770 | loss 3.7607 | lr 4.00e-04 | gnorm 0.35 | 39,682 tok/s | mfu 21.7%
step  2780 | loss 3.7746 | lr 4.00e-04 | gnorm 0.26 | 39,477 tok/s | mfu 21.6%
step  2790 | loss 3.6928 | lr 4.00e-04 | gnorm 0.25 | 39,606 tok/s | mfu 21.7%
step  2800 | loss 3.7270 | lr 4.00e-04 | gnorm 0.26 | 39,938 tok/s | mfu 21.9%
step  2810 | loss 3.7079 | lr 4.00e-04 | gnorm 0.28 | 39,602 tok/s | mfu 21.7%
step  2820 | loss 3.7013 | lr 4.00e-04 | gnorm 0.26 | 39,482 tok/s | mfu 21.6%
step  2830 | loss 3.7565 | lr 4.00e-04 | gnorm 0.32 | 39,971 tok/s | mfu 21.9%
step  2840 | loss 3.7261 | lr 4.00e-04 | gnorm 0.27 | 39,613 tok/s | mfu 21.7%
step  2850 | loss 3.7658 | lr 4.00e-04 | gnorm 0.33 | 39,488 tok/s | mfu 21.6%
step  2860 | loss 3.7634 | lr 4.00e-04 | gnorm 0.27 | 39,491 tok/s | mfu 21.6%
step  2870 | loss 3.7309 | lr 4.00e-04 | gnorm 0.26 | 39,477 tok/s | mfu 21.6%
step  2880 | loss 3.7224 | lr 4.00e-04 | gnorm 0.32 | 39,449 tok/s | mfu 21.6%
step  2890 | loss 3.7422 | lr 4.00e-04 | gnorm 0.28 | 39,496 tok/s | mfu 21.6%
step  2900 | loss 3.7211 | lr 4.00e-04 | gnorm 0.30 | 39,462 tok/s | mfu 21.6%
step  2910 | loss 3.6762 | lr 4.00e-04 | gnorm 0.28 | 39,482 tok/s | mfu 21.6%
step  2920 | loss 3.7276 | lr 4.00e-04 | gnorm 0.26 | 39,446 tok/s | mfu 21.6%
step  2930 | loss 3.6820 | lr 4.00e-04 | gnorm 0.26 | 39,421 tok/s | mfu 21.6%
step  2940 | loss 3.7285 | lr 4.00e-04 | gnorm 0.25 | 39,454 tok/s | mfu 21.6%
step  2950 | loss 3.7367 | lr 4.00e-04 | gnorm 0.29 | 39,436 tok/s | mfu 21.6%
step  2960 | loss 3.6926 | lr 4.00e-04 | gnorm 0.26 | 39,449 tok/s | mfu 21.6%
step  2970 | loss 3.7214 | lr 4.00e-04 | gnorm 0.29 | 39,482 tok/s | mfu 21.6%
step  2980 | loss 3.7602 | lr 4.00e-04 | gnorm 0.25 | 39,615 tok/s | mfu 21.7%
step  2990 | loss 3.6911 | lr 4.00e-04 | gnorm 0.29 | 39,476 tok/s | mfu 21.6%
step  3000 | loss 3.7717 | lr 4.00e-04 | gnorm 0.27 | 39,488 tok/s | mfu 21.6%
  >> eval  step 3000  train 3.7436  val 3.7347  val_ppl 41.88
step  3010 | loss 3.7139 | lr 4.00e-04 | gnorm 0.27 | 35,496 tok/s | mfu 19.4%
step  3020 | loss 3.6965 | lr 4.00e-04 | gnorm 0.25 | 39,594 tok/s | mfu 21.7%
step  3030 | loss 3.7364 | lr 4.00e-04 | gnorm 0.25 | 39,467 tok/s | mfu 21.6%
step  3040 | loss 3.7010 | lr 4.00e-04 | gnorm 0.24 | 39,683 tok/s | mfu 21.7%
step  3050 | loss 3.7410 | lr 4.00e-04 | gnorm 0.26 | 39,641 tok/s | mfu 21.7%
step  3060 | loss 3.7226 | lr 4.00e-04 | gnorm 0.31 | 39,477 tok/s | mfu 21.6%
step  3070 | loss 3.6797 | lr 4.00e-04 | gnorm 0.23 | 39,628 tok/s | mfu 21.7%
step  3080 | loss 3.7179 | lr 4.00e-04 | gnorm 0.29 | 39,579 tok/s | mfu 21.7%
step  3090 | loss 3.7042 | lr 4.00e-04 | gnorm 0.28 | 39,486 tok/s | mfu 21.6%
step  3100 | loss 3.7016 | lr 4.00e-04 | gnorm 0.26 | 39,435 tok/s | mfu 21.6%
step  3110 | loss 3.7330 | lr 4.00e-04 | gnorm 0.30 | 39,454 tok/s | mfu 21.6%
step  3120 | loss 3.7065 | lr 4.00e-04 | gnorm 0.28 | 39,541 tok/s | mfu 21.7%
step  3130 | loss 3.7353 | lr 4.00e-04 | gnorm 0.31 | 39,420 tok/s | mfu 21.6%
step  3140 | loss 3.6670 | lr 4.00e-04 | gnorm 0.28 | 39,454 tok/s | mfu 21.6%
step  3150 | loss 3.6855 | lr 4.00e-04 | gnorm 0.29 | 39,541 tok/s | mfu 21.7%
step  3160 | loss 3.6887 | lr 4.00e-04 | gnorm 0.31 | 39,570 tok/s | mfu 21.7%
step  3170 | loss 3.7023 | lr 4.00e-04 | gnorm 0.27 | 39,445 tok/s | mfu 21.6%
step  3180 | loss 3.6930 | lr 4.00e-04 | gnorm 0.28 | 39,459 tok/s | mfu 21.6%
step  3190 | loss 3.6680 | lr 4.00e-04 | gnorm 0.26 | 39,570 tok/s | mfu 21.7%
step  3200 | loss 3.6828 | lr 4.00e-04 | gnorm 0.25 | 39,618 tok/s | mfu 21.7%
step  3210 | loss 3.6544 | lr 4.00e-04 | gnorm 0.31 | 39,507 tok/s | mfu 21.6%
step  3220 | loss 3.7211 | lr 4.00e-04 | gnorm 0.28 | 39,560 tok/s | mfu 21.7%
step  3230 | loss 3.7087 | lr 4.00e-04 | gnorm 0.26 | 39,449 tok/s | mfu 21.6%
step  3240 | loss 3.7267 | lr 4.00e-04 | gnorm 0.25 | 39,530 tok/s | mfu 21.6%
step  3250 | loss 3.6353 | lr 4.00e-04 | gnorm 0.29 | 39,442 tok/s | mfu 21.6%
step  3260 | loss 3.7331 | lr 4.00e-04 | gnorm 0.29 | 39,470 tok/s | mfu 21.6%
step  3270 | loss 3.7591 | lr 4.00e-04 | gnorm 0.26 | 39,470 tok/s | mfu 21.6%
step  3280 | loss 3.6806 | lr 4.00e-04 | gnorm 0.28 | 39,414 tok/s | mfu 21.6%
step  3290 | loss 3.6878 | lr 4.00e-04 | gnorm 0.27 | 39,482 tok/s | mfu 21.6%
step  3300 | loss 3.6887 | lr 4.00e-04 | gnorm 0.25 | 39,461 tok/s | mfu 21.6%
step  3310 | loss 3.6695 | lr 4.00e-04 | gnorm 0.27 | 39,677 tok/s | mfu 21.7%
step  3320 | loss 3.7113 | lr 4.00e-04 | gnorm 0.27 | 39,576 tok/s | mfu 21.7%
step  3330 | loss 3.6564 | lr 4.00e-04 | gnorm 0.24 | 39,460 tok/s | mfu 21.6%
step  3340 | loss 3.6640 | lr 4.00e-04 | gnorm 0.26 | 39,550 tok/s | mfu 21.7%
step  3350 | loss 3.6829 | lr 4.00e-04 | gnorm 0.28 | 39,556 tok/s | mfu 21.7%
step  3360 | loss 3.6877 | lr 4.00e-04 | gnorm 0.27 | 39,823 tok/s | mfu 21.8%
step  3370 | loss 3.6451 | lr 4.00e-04 | gnorm 0.25 | 39,500 tok/s | mfu 21.6%
step  3380 | loss 3.6533 | lr 4.00e-04 | gnorm 0.28 | 39,666 tok/s | mfu 21.7%
step  3390 | loss 3.6835 | lr 4.00e-04 | gnorm 0.27 | 39,639 tok/s | mfu 21.7%
step  3400 | loss 3.7091 | lr 4.00e-04 | gnorm 0.30 | 39,552 tok/s | mfu 21.7%
step  3410 | loss 3.6932 | lr 4.00e-04 | gnorm 0.26 | 39,553 tok/s | mfu 21.7%
step  3420 | loss 3.6788 | lr 4.00e-04 | gnorm 0.28 | 39,441 tok/s | mfu 21.6%
step  3430 | loss 3.5792 | lr 4.00e-04 | gnorm 0.25 | 39,424 tok/s | mfu 21.6%
step  3440 | loss 3.6611 | lr 4.00e-04 | gnorm 0.24 | 39,443 tok/s | mfu 21.6%
step  3450 | loss 3.7072 | lr 4.00e-04 | gnorm 0.26 | 39,515 tok/s | mfu 21.6%
step  3460 | loss 3.6505 | lr 4.00e-04 | gnorm 0.29 | 39,656 tok/s | mfu 21.7%
step  3470 | loss 3.6574 | lr 4.00e-04 | gnorm 0.28 | 39,661 tok/s | mfu 21.7%
step  3480 | loss 3.6768 | lr 4.00e-04 | gnorm 0.25 | 39,618 tok/s | mfu 21.7%
step  3490 | loss 3.7067 | lr 4.00e-04 | gnorm 0.32 | 39,457 tok/s | mfu 21.6%
step  3500 | loss 3.6971 | lr 4.00e-04 | gnorm 0.30 | 39,492 tok/s | mfu 21.6%
step  3510 | loss 3.6521 | lr 4.00e-04 | gnorm 0.26 | 39,463 tok/s | mfu 21.6%
step  3520 | loss 3.6759 | lr 4.00e-04 | gnorm 0.26 | 39,507 tok/s | mfu 21.6%
step  3530 | loss 3.6894 | lr 4.00e-04 | gnorm 0.28 | 39,451 tok/s | mfu 21.6%
step  3540 | loss 3.6652 | lr 4.00e-04 | gnorm 0.30 | 39,429 tok/s | mfu 21.6%
step  3550 | loss 3.7039 | lr 4.00e-04 | gnorm 0.26 | 39,484 tok/s | mfu 21.6%
step  3560 | loss 3.6796 | lr 4.00e-04 | gnorm 0.26 | 39,516 tok/s | mfu 21.6%
step  3570 | loss 3.6940 | lr 4.00e-04 | gnorm 0.28 | 39,630 tok/s | mfu 21.7%
step  3580 | loss 3.7090 | lr 4.00e-04 | gnorm 0.28 | 39,536 tok/s | mfu 21.7%
step  3590 | loss 3.6493 | lr 4.00e-04 | gnorm 0.28 | 39,621 tok/s | mfu 21.7%
step  3600 | loss 3.6432 | lr 4.00e-04 | gnorm 0.27 | 39,655 tok/s | mfu 21.7%
step  3610 | loss 3.6824 | lr 4.00e-04 | gnorm 0.28 | 39,642 tok/s | mfu 21.7%
step  3620 | loss 3.6202 | lr 4.00e-04 | gnorm 0.26 | 39,523 tok/s | mfu 21.6%
step  3630 | loss 3.6582 | lr 4.00e-04 | gnorm 0.27 | 39,549 tok/s | mfu 21.7%
step  3640 | loss 3.6971 | lr 4.00e-04 | gnorm 0.24 | 39,646 tok/s | mfu 21.7%
step  3650 | loss 3.6692 | lr 4.00e-04 | gnorm 0.28 | 39,497 tok/s | mfu 21.6%
step  3660 | loss 3.6548 | lr 4.00e-04 | gnorm 0.26 | 39,478 tok/s | mfu 21.6%
step  3670 | loss 3.6758 | lr 4.00e-04 | gnorm 0.27 | 39,443 tok/s | mfu 21.6%
step  3680 | loss 3.6626 | lr 4.00e-04 | gnorm 0.25 | 39,473 tok/s | mfu 21.6%
step  3690 | loss 3.6115 | lr 4.00e-04 | gnorm 0.25 | 39,550 tok/s | mfu 21.7%
step  3700 | loss 3.6521 | lr 4.00e-04 | gnorm 0.25 | 39,478 tok/s | mfu 21.6%
step  3710 | loss 3.6524 | lr 4.00e-04 | gnorm 0.27 | 39,441 tok/s | mfu 21.6%
step  3720 | loss 3.6823 | lr 4.00e-04 | gnorm 0.25 | 39,502 tok/s | mfu 21.6%
step  3730 | loss 3.6217 | lr 4.00e-04 | gnorm 0.29 | 39,484 tok/s | mfu 21.6%
step  3740 | loss 3.6438 | lr 4.00e-04 | gnorm 0.27 | 39,490 tok/s | mfu 21.6%
step  3750 | loss 3.6746 | lr 4.00e-04 | gnorm 0.28 | 39,427 tok/s | mfu 21.6%
step  3760 | loss 3.6766 | lr 4.00e-04 | gnorm 0.29 | 39,414 tok/s | mfu 21.6%
step  3770 | loss 3.6417 | lr 4.00e-04 | gnorm 0.28 | 39,439 tok/s | mfu 21.6%
step  3780 | loss 3.6506 | lr 4.00e-04 | gnorm 0.26 | 39,475 tok/s | mfu 21.6%
step  3790 | loss 3.6241 | lr 4.00e-04 | gnorm 0.26 | 39,519 tok/s | mfu 21.6%
step  3800 | loss 3.6611 | lr 4.00e-04 | gnorm 0.27 | 39,458 tok/s | mfu 21.6%
step  3810 | loss 3.6508 | lr 4.00e-04 | gnorm 0.26 | 39,446 tok/s | mfu 21.6%
step  3820 | loss 3.6306 | lr 4.00e-04 | gnorm 0.29 | 39,469 tok/s | mfu 21.6%
step  3830 | loss 3.6134 | lr 4.00e-04 | gnorm 0.24 | 39,577 tok/s | mfu 21.7%
step  3840 | loss 3.6384 | lr 4.00e-04 | gnorm 0.25 | 39,625 tok/s | mfu 21.7%
step  3850 | loss 3.6209 | lr 4.00e-04 | gnorm 0.26 | 39,455 tok/s | mfu 21.6%
step  3860 | loss 3.5968 | lr 4.00e-04 | gnorm 0.27 | 39,519 tok/s | mfu 21.6%
step  3870 | loss 3.6096 | lr 4.00e-04 | gnorm 0.28 | 39,637 tok/s | mfu 21.7%
step  3880 | loss 3.6568 | lr 4.00e-04 | gnorm 0.24 | 39,497 tok/s | mfu 21.6%
step  3890 | loss 3.6719 | lr 4.00e-04 | gnorm 0.26 | 39,426 tok/s | mfu 21.6%
step  3900 | loss 3.6302 | lr 4.00e-04 | gnorm 0.27 | 39,570 tok/s | mfu 21.7%
step  3910 | loss 3.6276 | lr 4.00e-04 | gnorm 0.27 | 39,738 tok/s | mfu 21.8%
step  3920 | loss 3.6620 | lr 4.00e-04 | gnorm 0.27 | 39,729 tok/s | mfu 21.8%
step  3930 | loss 3.6472 | lr 4.00e-04 | gnorm 0.26 | 39,895 tok/s | mfu 21.8%
step  3940 | loss 3.6727 | lr 4.00e-04 | gnorm 0.28 | 39,682 tok/s | mfu 21.7%
step  3950 | loss 3.6183 | lr 4.00e-04 | gnorm 0.26 | 39,700 tok/s | mfu 21.7%
step  3960 | loss 3.6698 | lr 4.00e-04 | gnorm 0.28 | 39,552 tok/s | mfu 21.7%
step  3970 | loss 3.6515 | lr 4.00e-04 | gnorm 0.27 | 39,567 tok/s | mfu 21.7%
step  3980 | loss 3.6104 | lr 4.00e-04 | gnorm 0.24 | 39,599 tok/s | mfu 21.7%
step  3990 | loss 3.6376 | lr 4.00e-04 | gnorm 0.27 | 39,459 tok/s | mfu 21.6%
step  4000 | loss 3.6675 | lr 4.00e-04 | gnorm 0.27 | 39,470 tok/s | mfu 21.6%
  >> eval  step 4000  train 3.6452  val 3.6410  val_ppl 38.13
  >> saved ckpt/ckpt_4000.pt
step  4010 | loss 3.6277 | lr 4.00e-04 | gnorm 0.23 | 35,538 tok/s | mfu 19.5%
step  4020 | loss 3.6397 | lr 4.00e-04 | gnorm 0.31 | 39,464 tok/s | mfu 21.6%
step  4030 | loss 3.6038 | lr 4.00e-04 | gnorm 0.26 | 39,793 tok/s | mfu 21.8%
step  4040 | loss 3.6246 | lr 4.00e-04 | gnorm 0.25 | 39,468 tok/s | mfu 21.6%
step  4050 | loss 3.6295 | lr 4.00e-04 | gnorm 0.27 | 39,520 tok/s | mfu 21.6%
step  4060 | loss 3.6050 | lr 4.00e-04 | gnorm 0.25 | 39,576 tok/s | mfu 21.7%
step  4070 | loss 3.6471 | lr 4.00e-04 | gnorm 0.28 | 39,636 tok/s | mfu 21.7%
step  4080 | loss 3.6992 | lr 4.00e-04 | gnorm 0.35 | 39,491 tok/s | mfu 21.6%
step  4090 | loss 3.6487 | lr 4.00e-04 | gnorm 0.26 | 39,571 tok/s | mfu 21.7%
step  4100 | loss 3.6804 | lr 4.00e-04 | gnorm 0.28 | 39,686 tok/s | mfu 21.7%
step  4110 | loss 3.6600 | lr 4.00e-04 | gnorm 0.29 | 39,577 tok/s | mfu 21.7%
step  4120 | loss 3.6105 | lr 4.00e-04 | gnorm 0.27 | 39,608 tok/s | mfu 21.7%
step  4130 | loss 3.6609 | lr 4.00e-04 | gnorm 0.29 | 39,634 tok/s | mfu 21.7%
step  4140 | loss 3.7077 | lr 4.00e-04 | gnorm 0.24 | 39,403 tok/s | mfu 21.6%
step  4150 | loss 3.6486 | lr 4.00e-04 | gnorm 0.29 | 39,605 tok/s | mfu 21.7%
step  4160 | loss 3.6528 | lr 4.00e-04 | gnorm 0.29 | 39,497 tok/s | mfu 21.6%
step  4170 | loss 3.6258 | lr 4.00e-04 | gnorm 0.28 | 39,455 tok/s | mfu 21.6%
step  4180 | loss 3.6524 | lr 4.00e-04 | gnorm 0.26 | 39,637 tok/s | mfu 21.7%
step  4190 | loss 3.6262 | lr 4.00e-04 | gnorm 0.26 | 39,438 tok/s | mfu 21.6%
step  4200 | loss 3.6725 | lr 4.00e-04 | gnorm 0.25 | 39,683 tok/s | mfu 21.7%
step  4210 | loss 3.6005 | lr 4.00e-04 | gnorm 0.32 | 39,580 tok/s | mfu 21.7%
step  4220 | loss 3.6310 | lr 4.00e-04 | gnorm 0.25 | 39,556 tok/s | mfu 21.7%
step  4230 | loss 3.6271 | lr 4.00e-04 | gnorm 0.27 | 39,622 tok/s | mfu 21.7%
step  4240 | loss 3.6198 | lr 4.00e-04 | gnorm 0.27 | 39,870 tok/s | mfu 21.8%
step  4250 | loss 3.6094 | lr 4.00e-04 | gnorm 0.31 | 39,591 tok/s | mfu 21.7%
step  4260 | loss 3.6470 | lr 4.00e-04 | gnorm 0.28 | 39,864 tok/s | mfu 21.8%
step  4270 | loss 3.6150 | lr 4.00e-04 | gnorm 0.27 | 39,765 tok/s | mfu 21.8%
step  4280 | loss 3.6497 | lr 4.00e-04 | gnorm 0.24 | 40,078 tok/s | mfu 21.9%
step  4290 | loss 3.6165 | lr 4.00e-04 | gnorm 0.31 | 40,014 tok/s | mfu 21.9%
step  4300 | loss 3.6105 | lr 4.00e-04 | gnorm 0.24 | 40,009 tok/s | mfu 21.9%
step  4310 | loss 3.6511 | lr 4.00e-04 | gnorm 0.32 | 39,740 tok/s | mfu 21.8%
step  4320 | loss 3.6006 | lr 4.00e-04 | gnorm 0.33 | 39,630 tok/s | mfu 21.7%
step  4330 | loss 3.6134 | lr 4.00e-04 | gnorm 0.28 | 39,527 tok/s | mfu 21.6%
step  4340 | loss 3.6563 | lr 4.00e-04 | gnorm 0.26 | 39,567 tok/s | mfu 21.7%
step  4350 | loss 3.6150 | lr 4.00e-04 | gnorm 0.26 | 39,495 tok/s | mfu 21.6%
step  4360 | loss 3.6603 | lr 4.00e-04 | gnorm 0.27 | 39,573 tok/s | mfu 21.7%
step  4370 | loss 3.5942 | lr 4.00e-04 | gnorm 0.24 | 39,615 tok/s | mfu 21.7%
step  4380 | loss 3.6354 | lr 4.00e-04 | gnorm 0.27 | 39,509 tok/s | mfu 21.6%
step  4390 | loss 3.6417 | lr 4.00e-04 | gnorm 0.26 | 39,491 tok/s | mfu 21.6%
step  4400 | loss 3.6106 | lr 4.00e-04 | gnorm 0.31 | 39,373 tok/s | mfu 21.6%
step  4410 | loss 3.6665 | lr 4.00e-04 | gnorm 0.32 | 39,431 tok/s | mfu 21.6%
step  4420 | loss 3.6153 | lr 4.00e-04 | gnorm 0.28 | 39,473 tok/s | mfu 21.6%
step  4430 | loss 3.6516 | lr 4.00e-04 | gnorm 0.24 | 39,623 tok/s | mfu 21.7%
step  4440 | loss 3.5749 | lr 4.00e-04 | gnorm 0.38 | 39,399 tok/s | mfu 21.6%
step  4450 | loss 3.5938 | lr 4.00e-04 | gnorm 0.28 | 39,408 tok/s | mfu 21.6%
step  4460 | loss 3.5677 | lr 4.00e-04 | gnorm 0.25 | 39,444 tok/s | mfu 21.6%
step  4470 | loss 3.6586 | lr 4.00e-04 | gnorm 0.27 | 39,564 tok/s | mfu 21.7%
step  4480 | loss 3.6059 | lr 4.00e-04 | gnorm 0.28 | 39,460 tok/s | mfu 21.6%
step  4490 | loss 3.5947 | lr 4.00e-04 | gnorm 0.25 | 39,584 tok/s | mfu 21.7%
step  4500 | loss 3.5830 | lr 4.00e-04 | gnorm 0.28 | 39,627 tok/s | mfu 21.7%
step  4510 | loss 3.6432 | lr 4.00e-04 | gnorm 0.29 | 39,444 tok/s | mfu 21.6%
step  4520 | loss 3.5841 | lr 4.00e-04 | gnorm 0.30 | 39,549 tok/s | mfu 21.7%
step  4530 | loss 3.5963 | lr 4.00e-04 | gnorm 0.24 | 39,567 tok/s | mfu 21.7%
step  4540 | loss 3.6384 | lr 4.00e-04 | gnorm 0.30 | 39,764 tok/s | mfu 21.8%
step  4550 | loss 3.6274 | lr 4.00e-04 | gnorm 0.27 | 39,508 tok/s | mfu 21.6%
step  4560 | loss 3.6135 | lr 4.00e-04 | gnorm 0.39 | 39,593 tok/s | mfu 21.7%
step  4570 | loss 3.6023 | lr 4.00e-04 | gnorm 0.29 | 39,492 tok/s | mfu 21.6%
step  4580 | loss 3.6263 | lr 4.00e-04 | gnorm 0.27 | 39,569 tok/s | mfu 21.7%
step  4590 | loss 3.5924 | lr 4.00e-04 | gnorm 0.26 | 40,040 tok/s | mfu 21.9%
step  4600 | loss 3.5873 | lr 4.00e-04 | gnorm 0.28 | 39,656 tok/s | mfu 21.7%
step  4610 | loss 3.5949 | lr 4.00e-04 | gnorm 0.30 | 39,786 tok/s | mfu 21.8%
step  4620 | loss 3.6075 | lr 4.00e-04 | gnorm 0.28 | 39,633 tok/s | mfu 21.7%
step  4630 | loss 3.6498 | lr 4.00e-04 | gnorm 0.27 | 39,697 tok/s | mfu 21.7%
step  4640 | loss 3.6227 | lr 4.00e-04 | gnorm 0.28 | 39,559 tok/s | mfu 21.7%
step  4650 | loss 3.6249 | lr 4.00e-04 | gnorm 0.27 | 39,723 tok/s | mfu 21.8%
step  4660 | loss 3.5835 | lr 4.00e-04 | gnorm 0.27 | 39,693 tok/s | mfu 21.7%
step  4670 | loss 3.5580 | lr 4.00e-04 | gnorm 0.28 | 39,839 tok/s | mfu 21.8%
step  4680 | loss 3.5904 | lr 4.00e-04 | gnorm 0.26 | 39,641 tok/s | mfu 21.7%
step  4690 | loss 3.6400 | lr 4.00e-04 | gnorm 0.37 | 39,654 tok/s | mfu 21.7%
step  4700 | loss 3.6132 | lr 4.00e-04 | gnorm 0.31 | 39,591 tok/s | mfu 21.7%
step  4710 | loss 3.5954 | lr 4.00e-04 | gnorm 0.27 | 39,761 tok/s | mfu 21.8%
step  4720 | loss 3.6108 | lr 4.00e-04 | gnorm 0.26 | 40,008 tok/s | mfu 21.9%
step  4730 | loss 3.5636 | lr 4.00e-04 | gnorm 0.27 | 39,686 tok/s | mfu 21.7%
step  4740 | loss 3.6326 | lr 4.00e-04 | gnorm 0.24 | 39,593 tok/s | mfu 21.7%
step  4750 | loss 3.6074 | lr 4.00e-04 | gnorm 0.29 | 39,622 tok/s | mfu 21.7%
step  4760 | loss 3.6031 | lr 4.00e-04 | gnorm 0.29 | 39,485 tok/s | mfu 21.6%
step  4770 | loss 3.5703 | lr 4.00e-04 | gnorm 0.27 | 39,526 tok/s | mfu 21.6%
step  4780 | loss 3.5270 | lr 4.00e-04 | gnorm 0.27 | 39,492 tok/s | mfu 21.6%
step  4790 | loss 3.6076 | lr 4.00e-04 | gnorm 0.24 | 39,485 tok/s | mfu 21.6%
step  4800 | loss 3.6011 | lr 4.00e-04 | gnorm 0.29 | 39,437 tok/s | mfu 21.6%
step  4810 | loss 3.5917 | lr 4.00e-04 | gnorm 0.28 | 39,454 tok/s | mfu 21.6%
step  4820 | loss 3.5590 | lr 4.00e-04 | gnorm 0.30 | 39,441 tok/s | mfu 21.6%
step  4830 | loss 3.5720 | lr 4.00e-04 | gnorm 0.26 | 39,459 tok/s | mfu 21.6%
step  4840 | loss 3.6009 | lr 4.00e-04 | gnorm 0.28 | 39,458 tok/s | mfu 21.6%
step  4850 | loss 3.5849 | lr 4.00e-04 | gnorm 0.26 | 39,581 tok/s | mfu 21.7%
step  4860 | loss 3.6334 | lr 4.00e-04 | gnorm 0.29 | 39,633 tok/s | mfu 21.7%
step  4870 | loss 3.5709 | lr 4.00e-04 | gnorm 0.31 | 39,668 tok/s | mfu 21.7%
step  4880 | loss 3.5653 | lr 4.00e-04 | gnorm 0.25 | 39,627 tok/s | mfu 21.7%
step  4890 | loss 3.5706 | lr 4.00e-04 | gnorm 0.28 | 39,958 tok/s | mfu 21.9%
step  4900 | loss 3.5882 | lr 4.00e-04 | gnorm 0.28 | 39,804 tok/s | mfu 21.8%
step  4910 | loss 3.6140 | lr 4.00e-04 | gnorm 0.29 | 39,610 tok/s | mfu 21.7%
step  4920 | loss 3.6012 | lr 4.00e-04 | gnorm 0.29 | 39,757 tok/s | mfu 21.8%
step  4930 | loss 3.5901 | lr 4.00e-04 | gnorm 0.30 | 39,851 tok/s | mfu 21.8%
step  4940 | loss 3.5450 | lr 4.00e-04 | gnorm 0.31 | 39,841 tok/s | mfu 21.8%
step  4950 | loss 3.6313 | lr 4.00e-04 | gnorm 0.26 | 39,616 tok/s | mfu 21.7%
step  4960 | loss 3.5557 | lr 4.00e-04 | gnorm 0.31 | 39,497 tok/s | mfu 21.6%
step  4970 | loss 3.5876 | lr 4.00e-04 | gnorm 0.26 | 39,704 tok/s | mfu 21.7%
step  4980 | loss 3.6460 | lr 4.00e-04 | gnorm 0.26 | 39,621 tok/s | mfu 21.7%
step  4990 | loss 3.5828 | lr 4.00e-04 | gnorm 0.26 | 39,518 tok/s | mfu 21.6%
step  5000 | loss 3.5644 | lr 4.00e-04 | gnorm 0.33 | 39,646 tok/s | mfu 21.7%
  >> eval  step 5000  train 3.5635  val 3.5848  val_ppl 36.05
step  5010 | loss 3.6067 | lr 4.00e-04 | gnorm 0.29 | 35,836 tok/s | mfu 19.6%
step  5020 | loss 3.5963 | lr 4.00e-04 | gnorm 0.34 | 39,573 tok/s | mfu 21.7%
step  5030 | loss 3.5823 | lr 4.00e-04 | gnorm 0.28 | 39,771 tok/s | mfu 21.8%
step  5040 | loss 3.5664 | lr 4.00e-04 | gnorm 0.29 | 39,434 tok/s | mfu 21.6%
step  5050 | loss 3.5374 | lr 4.00e-04 | gnorm 0.30 | 39,418 tok/s | mfu 21.6%
step  5060 | loss 3.5884 | lr 4.00e-04 | gnorm 0.24 | 39,423 tok/s | mfu 21.6%
step  5070 | loss 3.5549 | lr 4.00e-04 | gnorm 0.26 | 39,562 tok/s | mfu 21.7%
step  5080 | loss 3.5653 | lr 4.00e-04 | gnorm 0.30 | 39,409 tok/s | mfu 21.6%
step  5090 | loss 3.5897 | lr 4.00e-04 | gnorm 0.27 | 39,448 tok/s | mfu 21.6%
step  5100 | loss 3.5899 | lr 4.00e-04 | gnorm 0.26 | 39,578 tok/s | mfu 21.7%
step  5110 | loss 3.6531 | lr 4.00e-04 | gnorm 0.27 | 39,435 tok/s | mfu 21.6%
step  5120 | loss 3.6007 | lr 4.00e-04 | gnorm 0.26 | 39,644 tok/s | mfu 21.7%
step  5130 | loss 3.5287 | lr 4.00e-04 | gnorm 0.24 | 39,615 tok/s | mfu 21.7%
step  5140 | loss 3.6210 | lr 4.00e-04 | gnorm 0.25 | 39,516 tok/s | mfu 21.6%
step  5150 | loss 3.5429 | lr 4.00e-04 | gnorm 0.28 | 39,846 tok/s | mfu 21.8%
step  5160 | loss 3.5562 | lr 4.00e-04 | gnorm 0.32 | 39,498 tok/s | mfu 21.6%
step  5170 | loss 3.6436 | lr 4.00e-04 | gnorm 0.26 | 39,425 tok/s | mfu 21.6%
step  5180 | loss 3.5865 | lr 4.00e-04 | gnorm 0.28 | 39,458 tok/s | mfu 21.6%
step  5190 | loss 3.5786 | lr 4.00e-04 | gnorm 0.27 | 39,482 tok/s | mfu 21.6%
step  5200 | loss 3.6004 | lr 4.00e-04 | gnorm 0.27 | 39,470 tok/s | mfu 21.6%
step  5210 | loss 3.5760 | lr 4.00e-04 | gnorm 0.28 | 39,437 tok/s | mfu 21.6%
step  5220 | loss 3.6386 | lr 4.00e-04 | gnorm 0.34 | 39,438 tok/s | mfu 21.6%
step  5230 | loss 3.5786 | lr 4.00e-04 | gnorm 0.25 | 39,462 tok/s | mfu 21.6%
step  5240 | loss 3.5510 | lr 4.00e-04 | gnorm 0.30 | 39,536 tok/s | mfu 21.7%
step  5250 | loss 3.5696 | lr 4.00e-04 | gnorm 0.24 | 39,443 tok/s | mfu 21.6%
step  5260 | loss 3.5604 | lr 4.00e-04 | gnorm 0.29 | 39,601 tok/s | mfu 21.7%
step  5270 | loss 3.5912 | lr 4.00e-04 | gnorm 0.26 | 39,456 tok/s | mfu 21.6%
step  5280 | loss 3.6025 | lr 4.00e-04 | gnorm 0.29 | 39,494 tok/s | mfu 21.6%
step  5290 | loss 3.6280 | lr 4.00e-04 | gnorm 0.30 | 39,478 tok/s | mfu 21.6%
step  5300 | loss 3.5837 | lr 4.00e-04 | gnorm 0.26 | 39,494 tok/s | mfu 21.6%
step  5310 | loss 3.5534 | lr 4.00e-04 | gnorm 0.33 | 39,506 tok/s | mfu 21.6%
step  5320 | loss 3.5606 | lr 4.00e-04 | gnorm 0.32 | 39,441 tok/s | mfu 21.6%
step  5330 | loss 3.5963 | lr 4.00e-04 | gnorm 0.28 | 39,449 tok/s | mfu 21.6%
step  5340 | loss 3.5906 | lr 4.00e-04 | gnorm 0.26 | 39,421 tok/s | mfu 21.6%
step  5350 | loss 3.5741 | lr 4.00e-04 | gnorm 0.28 | 39,421 tok/s | mfu 21.6%
step  5360 | loss 3.5932 | lr 4.00e-04 | gnorm 0.29 | 39,516 tok/s | mfu 21.6%
step  5370 | loss 3.5372 | lr 4.00e-04 | gnorm 0.28 | 39,452 tok/s | mfu 21.6%
step  5380 | loss 3.5747 | lr 4.00e-04 | gnorm 0.38 | 39,477 tok/s | mfu 21.6%
step  5390 | loss 3.5153 | lr 4.00e-04 | gnorm 0.25 | 39,414 tok/s | mfu 21.6%
step  5400 | loss 3.5514 | lr 4.00e-04 | gnorm 0.31 | 39,420 tok/s | mfu 21.6%
step  5410 | loss 3.5698 | lr 4.00e-04 | gnorm 0.31 | 39,388 tok/s | mfu 21.6%
step  5420 | loss 3.5939 | lr 4.00e-04 | gnorm 0.27 | 39,382 tok/s | mfu 21.6%
step  5430 | loss 3.5936 | lr 4.00e-04 | gnorm 0.25 | 39,400 tok/s | mfu 21.6%
step  5440 | loss 3.5934 | lr 4.00e-04 | gnorm 0.31 | 39,407 tok/s | mfu 21.6%
step  5450 | loss 3.5585 | lr 4.00e-04 | gnorm 0.27 | 39,404 tok/s | mfu 21.6%
step  5460 | loss 3.5170 | lr 4.00e-04 | gnorm 0.27 | 39,446 tok/s | mfu 21.6%
step  5470 | loss 3.5193 | lr 4.00e-04 | gnorm 0.24 | 39,522 tok/s | mfu 21.6%
step  5480 | loss 3.6062 | lr 4.00e-04 | gnorm 0.28 | 39,441 tok/s | mfu 21.6%
step  5490 | loss 3.5354 | lr 4.00e-04 | gnorm 0.30 | 39,436 tok/s | mfu 21.6%
step  5500 | loss 3.5894 | lr 4.00e-04 | gnorm 0.26 | 39,483 tok/s | mfu 21.6%
step  5510 | loss 3.5977 | lr 4.00e-04 | gnorm 0.31 | 39,396 tok/s | mfu 21.6%
step  5520 | loss 3.5503 | lr 4.00e-04 | gnorm 0.26 | 39,466 tok/s | mfu 21.6%
step  5530 | loss 3.5947 | lr 4.00e-04 | gnorm 0.28 | 39,457 tok/s | mfu 21.6%
step  5540 | loss 3.5512 | lr 4.00e-04 | gnorm 0.32 | 39,457 tok/s | mfu 21.6%
step  5550 | loss 3.5902 | lr 4.00e-04 | gnorm 0.28 | 39,479 tok/s | mfu 21.6%
step  5560 | loss 3.5540 | lr 4.00e-04 | gnorm 0.29 | 39,463 tok/s | mfu 21.6%
step  5570 | loss 3.5542 | lr 4.00e-04 | gnorm 0.27 | 39,454 tok/s | mfu 21.6%
step  5580 | loss 3.5757 | lr 4.00e-04 | gnorm 0.34 | 39,432 tok/s | mfu 21.6%
step  5590 | loss 3.5720 | lr 4.00e-04 | gnorm 0.29 | 39,493 tok/s | mfu 21.6%
step  5600 | loss 3.5761 | lr 4.00e-04 | gnorm 0.33 | 39,483 tok/s | mfu 21.6%
step  5610 | loss 3.5628 | lr 4.00e-04 | gnorm 0.24 | 39,443 tok/s | mfu 21.6%
step  5620 | loss 3.5799 | lr 4.00e-04 | gnorm 0.28 | 39,476 tok/s | mfu 21.6%
step  5630 | loss 3.5727 | lr 4.00e-04 | gnorm 0.26 | 39,503 tok/s | mfu 21.6%
step  5640 | loss 3.5330 | lr 4.00e-04 | gnorm 0.29 | 39,445 tok/s | mfu 21.6%
step  5650 | loss 3.5434 | lr 4.00e-04 | gnorm 0.26 | 39,654 tok/s | mfu 21.7%
step  5660 | loss 3.5335 | lr 4.00e-04 | gnorm 0.30 | 39,467 tok/s | mfu 21.6%
step  5670 | loss 3.5729 | lr 4.00e-04 | gnorm 0.36 | 39,527 tok/s | mfu 21.6%
step  5680 | loss 3.5602 | lr 4.00e-04 | gnorm 0.26 | 39,442 tok/s | mfu 21.6%
step  5690 | loss 3.5512 | lr 4.00e-04 | gnorm 0.31 | 39,437 tok/s | mfu 21.6%
step  5700 | loss 3.5330 | lr 4.00e-04 | gnorm 0.27 | 39,511 tok/s | mfu 21.6%
step  5710 | loss 3.5677 | lr 4.00e-04 | gnorm 0.30 | 39,441 tok/s | mfu 21.6%
step  5720 | loss 3.5174 | lr 4.00e-04 | gnorm 0.27 | 39,435 tok/s | mfu 21.6%
step  5730 | loss 3.5860 | lr 4.00e-04 | gnorm 0.25 | 39,448 tok/s | mfu 21.6%
step  5740 | loss 3.5679 | lr 4.00e-04 | gnorm 0.36 | 39,435 tok/s | mfu 21.6%
step  5750 | loss 3.5259 | lr 4.00e-04 | gnorm 0.28 | 39,422 tok/s | mfu 21.6%
step  5760 | loss 3.5834 | lr 4.00e-04 | gnorm 0.26 | 39,429 tok/s | mfu 21.6%
step  5770 | loss 3.5233 | lr 4.00e-04 | gnorm 0.32 | 39,455 tok/s | mfu 21.6%
step  5780 | loss 3.5662 | lr 4.00e-04 | gnorm 0.28 | 39,458 tok/s | mfu 21.6%
step  5790 | loss 3.5397 | lr 4.00e-04 | gnorm 0.26 | 39,516 tok/s | mfu 21.6%
step  5800 | loss 3.5695 | lr 4.00e-04 | gnorm 0.33 | 39,457 tok/s | mfu 21.6%
step  5810 | loss 3.5815 | lr 4.00e-04 | gnorm 0.29 | 39,450 tok/s | mfu 21.6%
step  5820 | loss 3.5435 | lr 4.00e-04 | gnorm 0.32 | 39,437 tok/s | mfu 21.6%
step  5830 | loss 3.6316 | lr 4.00e-04 | gnorm 0.30 | 39,481 tok/s | mfu 21.6%
step  5840 | loss 3.5675 | lr 4.00e-04 | gnorm 0.29 | 39,429 tok/s | mfu 21.6%
step  5850 | loss 3.5558 | lr 4.00e-04 | gnorm 0.26 | 39,435 tok/s | mfu 21.6%
step  5860 | loss 3.5379 | lr 4.00e-04 | gnorm 0.29 | 39,440 tok/s | mfu 21.6%
step  5870 | loss 3.5450 | lr 4.00e-04 | gnorm 0.29 | 39,425 tok/s | mfu 21.6%
step  5880 | loss 3.5086 | lr 4.00e-04 | gnorm 0.30 | 39,450 tok/s | mfu 21.6%
step  5890 | loss 3.5119 | lr 4.00e-04 | gnorm 0.28 | 39,459 tok/s | mfu 21.6%
step  5900 | loss 3.5339 | lr 4.00e-04 | gnorm 0.30 | 39,417 tok/s | mfu 21.6%
step  5910 | loss 3.5613 | lr 4.00e-04 | gnorm 0.30 | 39,432 tok/s | mfu 21.6%
step  5920 | loss 3.5277 | lr 4.00e-04 | gnorm 0.28 | 39,466 tok/s | mfu 21.6%
step  5930 | loss 3.5467 | lr 4.00e-04 | gnorm 0.29 | 39,435 tok/s | mfu 21.6%
step  5940 | loss 3.4889 | lr 4.00e-04 | gnorm 0.27 | 39,475 tok/s | mfu 21.6%
step  5950 | loss 3.5279 | lr 4.00e-04 | gnorm 0.31 | 39,444 tok/s | mfu 21.6%
step  5960 | loss 3.5711 | lr 4.00e-04 | gnorm 0.26 | 39,463 tok/s | mfu 21.6%
step  5970 | loss 3.5319 | lr 4.00e-04 | gnorm 0.27 | 39,546 tok/s | mfu 21.7%
step  5980 | loss 3.5617 | lr 4.00e-04 | gnorm 0.35 | 39,550 tok/s | mfu 21.7%
step  5990 | loss 3.5704 | lr 4.00e-04 | gnorm 0.28 | 39,835 tok/s | mfu 21.8%
step  6000 | loss 3.5787 | lr 4.00e-04 | gnorm 0.27 | 39,595 tok/s | mfu 21.7%
  >> eval  step 6000  train 3.5585  val 3.5451  val_ppl 34.64
  >> saved ckpt/ckpt_6000.pt
step  6010 | loss 3.5229 | lr 4.00e-04 | gnorm 0.32 | 35,619 tok/s | mfu 19.5%
step  6020 | loss 3.5438 | lr 4.00e-04 | gnorm 0.32 | 39,626 tok/s | mfu 21.7%
step  6030 | loss 3.5469 | lr 4.00e-04 | gnorm 0.28 | 39,718 tok/s | mfu 21.8%
step  6040 | loss 3.5319 | lr 4.00e-04 | gnorm 0.31 | 39,782 tok/s | mfu 21.8%
step  6050 | loss 3.5532 | lr 4.00e-04 | gnorm 0.27 | 39,543 tok/s | mfu 21.7%
step  6060 | loss 3.5880 | lr 4.00e-04 | gnorm 0.32 | 39,522 tok/s | mfu 21.6%
step  6070 | loss 3.5499 | lr 4.00e-04 | gnorm 0.27 | 39,641 tok/s | mfu 21.7%
step  6080 | loss 3.5711 | lr 4.00e-04 | gnorm 0.34 | 39,597 tok/s | mfu 21.7%
step  6090 | loss 3.5421 | lr 4.00e-04 | gnorm 0.29 | 39,790 tok/s | mfu 21.8%
step  6100 | loss 3.5205 | lr 4.00e-04 | gnorm 0.36 | 39,929 tok/s | mfu 21.9%
step  6110 | loss 3.5509 | lr 4.00e-04 | gnorm 0.27 | 39,502 tok/s | mfu 21.6%
step  6120 | loss 3.4932 | lr 4.00e-04 | gnorm 0.28 | 39,639 tok/s | mfu 21.7%
step  6130 | loss 3.5569 | lr 4.00e-04 | gnorm 0.30 | 39,592 tok/s | mfu 21.7%
step  6140 | loss 3.5379 | lr 4.00e-04 | gnorm 0.32 | 39,717 tok/s | mfu 21.8%
step  6150 | loss 3.5709 | lr 4.00e-04 | gnorm 0.28 | 39,543 tok/s | mfu 21.7%
step  6160 | loss 3.5339 | lr 4.00e-04 | gnorm 0.33 | 39,714 tok/s | mfu 21.7%
step  6170 | loss 3.5354 | lr 4.00e-04 | gnorm 0.29 | 39,624 tok/s | mfu 21.7%
step  6180 | loss 3.5680 | lr 4.00e-04 | gnorm 0.30 | 39,486 tok/s | mfu 21.6%
step  6190 | loss 3.5459 | lr 4.00e-04 | gnorm 0.28 | 39,426 tok/s | mfu 21.6%
step  6200 | loss 3.5029 | lr 4.00e-04 | gnorm 0.32 | 39,438 tok/s | mfu 21.6%
step  6210 | loss 3.5416 | lr 4.00e-04 | gnorm 0.30 | 39,653 tok/s | mfu 21.7%
step  6220 | loss 3.5419 | lr 4.00e-04 | gnorm 0.28 | 39,471 tok/s | mfu 21.6%
step  6230 | loss 3.5252 | lr 4.00e-04 | gnorm 0.26 | 39,414 tok/s | mfu 21.6%
step  6240 | loss 3.4598 | lr 4.00e-04 | gnorm 0.34 | 39,437 tok/s | mfu 21.6%
step  6250 | loss 3.5544 | lr 4.00e-04 | gnorm 0.29 | 39,460 tok/s | mfu 21.6%
step  6260 | loss 3.5674 | lr 4.00e-04 | gnorm 0.28 | 39,513 tok/s | mfu 21.6%
step  6270 | loss 3.5591 | lr 4.00e-04 | gnorm 0.29 | 39,536 tok/s | mfu 21.7%
step  6280 | loss 3.5068 | lr 4.00e-04 | gnorm 0.29 | 39,511 tok/s | mfu 21.6%
step  6290 | loss 3.5575 | lr 4.00e-04 | gnorm 0.31 | 39,468 tok/s | mfu 21.6%
step  6300 | loss 3.5040 | lr 4.00e-04 | gnorm 0.27 | 39,537 tok/s | mfu 21.7%
step  6310 | loss 3.5761 | lr 4.00e-04 | gnorm 0.30 | 39,484 tok/s | mfu 21.6%
step  6320 | loss 3.5564 | lr 4.00e-04 | gnorm 0.28 | 39,495 tok/s | mfu 21.6%
step  6330 | loss 3.5025 | lr 4.00e-04 | gnorm 0.28 | 39,492 tok/s | mfu 21.6%
step  6340 | loss 3.5252 | lr 4.00e-04 | gnorm 0.29 | 39,461 tok/s | mfu 21.6%
step  6350 | loss 3.5430 | lr 4.00e-04 | gnorm 0.34 | 39,588 tok/s | mfu 21.7%
step  6360 | loss 3.5728 | lr 4.00e-04 | gnorm 0.29 | 39,488 tok/s | mfu 21.6%
step  6370 | loss 3.5307 | lr 4.00e-04 | gnorm 0.33 | 39,617 tok/s | mfu 21.7%
step  6380 | loss 3.5379 | lr 4.00e-04 | gnorm 0.27 | 39,537 tok/s | mfu 21.7%
step  6390 | loss 3.5388 | lr 4.00e-04 | gnorm 0.31 | 39,456 tok/s | mfu 21.6%
step  6400 | loss 3.5453 | lr 4.00e-04 | gnorm 0.29 | 39,476 tok/s | mfu 21.6%
step  6410 | loss 3.5393 | lr 4.00e-04 | gnorm 0.28 | 39,478 tok/s | mfu 21.6%
step  6420 | loss 3.5257 | lr 4.00e-04 | gnorm 0.30 | 39,486 tok/s | mfu 21.6%
step  6430 | loss 3.5221 | lr 4.00e-04 | gnorm 0.29 | 39,509 tok/s | mfu 21.6%
step  6440 | loss 3.5496 | lr 4.00e-04 | gnorm 0.29 | 39,555 tok/s | mfu 21.7%
step  6450 | loss 3.5423 | lr 4.00e-04 | gnorm 0.30 | 39,610 tok/s | mfu 21.7%
step  6460 | loss 3.5371 | lr 4.00e-04 | gnorm 0.29 | 39,617 tok/s | mfu 21.7%
step  6470 | loss 3.5586 | lr 4.00e-04 | gnorm 0.30 | 39,498 tok/s | mfu 21.6%
step  6480 | loss 3.5464 | lr 4.00e-04 | gnorm 0.33 | 39,475 tok/s | mfu 21.6%
step  6490 | loss 3.5680 | lr 4.00e-04 | gnorm 0.31 | 39,449 tok/s | mfu 21.6%
step  6500 | loss 3.5410 | lr 4.00e-04 | gnorm 0.31 | 39,427 tok/s | mfu 21.6%
step  6510 | loss 3.5170 | lr 4.00e-04 | gnorm 0.32 | 39,460 tok/s | mfu 21.6%
step  6520 | loss 3.5326 | lr 4.00e-04 | gnorm 0.28 | 39,471 tok/s | mfu 21.6%
step  6530 | loss 3.5459 | lr 4.00e-04 | gnorm 0.33 | 39,459 tok/s | mfu 21.6%
step  6540 | loss 3.5202 | lr 4.00e-04 | gnorm 0.31 | 39,488 tok/s | mfu 21.6%
step  6550 | loss 3.5198 | lr 4.00e-04 | gnorm 0.28 | 39,420 tok/s | mfu 21.6%
step  6560 | loss 3.5476 | lr 4.00e-04 | gnorm 0.27 | 39,510 tok/s | mfu 21.6%
step  6570 | loss 3.5691 | lr 4.00e-04 | gnorm 0.29 | 39,448 tok/s | mfu 21.6%
step  6580 | loss 3.5375 | lr 4.00e-04 | gnorm 0.28 | 39,468 tok/s | mfu 21.6%
step  6590 | loss 3.5410 | lr 4.00e-04 | gnorm 0.32 | 39,433 tok/s | mfu 21.6%
step  6600 | loss 3.5103 | lr 4.00e-04 | gnorm 0.29 | 39,502 tok/s | mfu 21.6%
step  6610 | loss 3.5602 | lr 4.00e-04 | gnorm 0.30 | 39,528 tok/s | mfu 21.6%
step  6620 | loss 3.5383 | lr 4.00e-04 | gnorm 0.28 | 39,492 tok/s | mfu 21.6%
step  6630 | loss 3.5149 | lr 4.00e-04 | gnorm 0.26 | 39,507 tok/s | mfu 21.6%
step  6640 | loss 3.5146 | lr 4.00e-04 | gnorm 0.30 | 39,650 tok/s | mfu 21.7%
step  6650 | loss 3.5195 | lr 4.00e-04 | gnorm 0.29 | 39,477 tok/s | mfu 21.6%
step  6660 | loss 3.5645 | lr 4.00e-04 | gnorm 0.29 | 39,449 tok/s | mfu 21.6%
step  6670 | loss 3.5169 | lr 4.00e-04 | gnorm 0.31 | 39,468 tok/s | mfu 21.6%
step  6680 | loss 3.5443 | lr 4.00e-04 | gnorm 0.31 | 39,437 tok/s | mfu 21.6%
step  6690 | loss 3.4992 | lr 4.00e-04 | gnorm 0.25 | 39,446 tok/s | mfu 21.6%
step  6700 | loss 3.5054 | lr 4.00e-04 | gnorm 0.28 | 39,450 tok/s | mfu 21.6%
step  6710 | loss 3.5368 | lr 4.00e-04 | gnorm 0.33 | 39,436 tok/s | mfu 21.6%
step  6720 | loss 3.5280 | lr 4.00e-04 | gnorm 0.37 | 39,564 tok/s | mfu 21.7%
step  6730 | loss 3.5280 | lr 4.00e-04 | gnorm 0.31 | 39,415 tok/s | mfu 21.6%
step  6740 | loss 3.5535 | lr 4.00e-04 | gnorm 0.28 | 39,516 tok/s | mfu 21.6%
step  6750 | loss 3.5474 | lr 4.00e-04 | gnorm 0.29 | 39,429 tok/s | mfu 21.6%
step  6760 | loss 3.4704 | lr 4.00e-04 | gnorm 0.26 | 39,432 tok/s | mfu 21.6%
step  6770 | loss 3.5188 | lr 4.00e-04 | gnorm 0.30 | 39,401 tok/s | mfu 21.6%
step  6780 | loss 3.5089 | lr 4.00e-04 | gnorm 0.31 | 39,448 tok/s | mfu 21.6%
step  6790 | loss 3.5512 | lr 4.00e-04 | gnorm 0.30 | 39,429 tok/s | mfu 21.6%
step  6800 | loss 3.5018 | lr 4.00e-04 | gnorm 0.27 | 39,653 tok/s | mfu 21.7%
step  6810 | loss 3.5208 | lr 4.00e-04 | gnorm 0.30 | 39,768 tok/s | mfu 21.8%
step  6820 | loss 3.5306 | lr 4.00e-04 | gnorm 0.38 | 39,513 tok/s | mfu 21.6%
step  6830 | loss 3.5377 | lr 4.00e-04 | gnorm 0.30 | 39,533 tok/s | mfu 21.7%
step  6840 | loss 3.5227 | lr 4.00e-04 | gnorm 0.33 | 39,654 tok/s | mfu 21.7%
step  6850 | loss 3.5171 | lr 4.00e-04 | gnorm 0.30 | 39,476 tok/s | mfu 21.6%
step  6860 | loss 3.5407 | lr 4.00e-04 | gnorm 0.27 | 39,465 tok/s | mfu 21.6%
step  6870 | loss 3.5286 | lr 4.00e-04 | gnorm 0.29 | 39,675 tok/s | mfu 21.7%
step  6880 | loss 3.5613 | lr 4.00e-04 | gnorm 0.31 | 39,451 tok/s | mfu 21.6%
step  6890 | loss 3.5588 | lr 4.00e-04 | gnorm 0.28 | 39,434 tok/s | mfu 21.6%
step  6900 | loss 3.5387 | lr 4.00e-04 | gnorm 0.40 | 39,455 tok/s | mfu 21.6%
step  6910 | loss 3.5139 | lr 4.00e-04 | gnorm 0.29 | 39,452 tok/s | mfu 21.6%
step  6920 | loss 3.5234 | lr 4.00e-04 | gnorm 0.26 | 39,476 tok/s | mfu 21.6%
step  6930 | loss 3.5474 | lr 4.00e-04 | gnorm 0.32 | 39,445 tok/s | mfu 21.6%
step  6940 | loss 3.5564 | lr 4.00e-04 | gnorm 0.32 | 39,415 tok/s | mfu 21.6%
step  6950 | loss 3.5136 | lr 4.00e-04 | gnorm 0.27 | 39,453 tok/s | mfu 21.6%
step  6960 | loss 3.5569 | lr 4.00e-04 | gnorm 0.31 | 39,513 tok/s | mfu 21.6%
step  6970 | loss 3.5401 | lr 4.00e-04 | gnorm 0.33 | 39,425 tok/s | mfu 21.6%
step  6980 | loss 3.4929 | lr 4.00e-04 | gnorm 0.29 | 39,551 tok/s | mfu 21.7%
step  6990 | loss 3.5333 | lr 4.00e-04 | gnorm 0.30 | 39,501 tok/s | mfu 21.6%
step  7000 | loss 3.5216 | lr 4.00e-04 | gnorm 0.32 | 39,383 tok/s | mfu 21.6%
  >> eval  step 7000  train 3.5264  val 3.5031  val_ppl 33.22
step  7010 | loss 3.5312 | lr 4.00e-04 | gnorm 0.36 | 35,699 tok/s | mfu 19.6%
step  7020 | loss 3.5143 | lr 4.00e-04 | gnorm 0.30 | 39,441 tok/s | mfu 21.6%
step  7030 | loss 3.5444 | lr 4.00e-04 | gnorm 0.29 | 39,452 tok/s | mfu 21.6%
step  7040 | loss 3.4846 | lr 4.00e-04 | gnorm 0.27 | 39,526 tok/s | mfu 21.6%
step  7050 | loss 3.5169 | lr 4.00e-04 | gnorm 0.26 | 39,406 tok/s | mfu 21.6%
step  7060 | loss 3.4619 | lr 4.00e-04 | gnorm 0.35 | 39,532 tok/s | mfu 21.6%
step  7070 | loss 3.5308 | lr 4.00e-04 | gnorm 0.28 | 39,444 tok/s | mfu 21.6%
step  7080 | loss 3.5091 | lr 4.00e-04 | gnorm 0.33 | 39,413 tok/s | mfu 21.6%
step  7090 | loss 3.5242 | lr 4.00e-04 | gnorm 0.28 | 39,438 tok/s | mfu 21.6%
step  7100 | loss 3.5114 | lr 4.00e-04 | gnorm 0.49 | 39,426 tok/s | mfu 21.6%
step  7110 | loss 3.5509 | lr 4.00e-04 | gnorm 0.27 | 39,402 tok/s | mfu 21.6%
step  7120 | loss 3.4721 | lr 4.00e-04 | gnorm 0.36 | 39,457 tok/s | mfu 21.6%
step  7130 | loss 3.5222 | lr 4.00e-04 | gnorm 0.29 | 39,474 tok/s | mfu 21.6%
step  7140 | loss 3.5652 | lr 4.00e-04 | gnorm 0.28 | 39,459 tok/s | mfu 21.6%
step  7150 | loss 3.5113 | lr 4.00e-04 | gnorm 0.28 | 39,463 tok/s | mfu 21.6%
step  7160 | loss 3.5308 | lr 4.00e-04 | gnorm 0.29 | 39,462 tok/s | mfu 21.6%
step  7170 | loss 3.5157 | lr 4.00e-04 | gnorm 0.33 | 39,555 tok/s | mfu 21.7%
step  7180 | loss 3.5738 | lr 4.00e-04 | gnorm 0.30 | 39,439 tok/s | mfu 21.6%
step  7190 | loss 3.5409 | lr 4.00e-04 | gnorm 0.28 | 39,465 tok/s | mfu 21.6%
step  7200 | loss 3.4784 | lr 4.00e-04 | gnorm 0.35 | 39,445 tok/s | mfu 21.6%
step  7210 | loss 3.4924 | lr 4.00e-04 | gnorm 0.25 | 39,551 tok/s | mfu 21.7%
step  7220 | loss 3.5362 | lr 4.00e-04 | gnorm 0.27 | 39,663 tok/s | mfu 21.7%
step  7230 | loss 3.4973 | lr 4.00e-04 | gnorm 0.33 | 39,580 tok/s | mfu 21.7%
step  7240 | loss 3.5212 | lr 4.00e-04 | gnorm 0.33 | 39,465 tok/s | mfu 21.6%
step  7250 | loss 3.5318 | lr 4.00e-04 | gnorm 0.31 | 39,484 tok/s | mfu 21.6%
step  7260 | loss 3.4901 | lr 4.00e-04 | gnorm 0.30 | 39,421 tok/s | mfu 21.6%
step  7270 | loss 3.4813 | lr 4.00e-04 | gnorm 0.31 | 39,477 tok/s | mfu 21.6%
step  7280 | loss 3.5346 | lr 4.00e-04 | gnorm 0.32 | 39,416 tok/s | mfu 21.6%
step  7290 | loss 3.5568 | lr 4.00e-04 | gnorm 0.40 | 39,412 tok/s | mfu 21.6%
step  7300 | loss 3.5326 | lr 4.00e-04 | gnorm 0.29 | 39,428 tok/s | mfu 21.6%
step  7310 | loss 3.4781 | lr 4.00e-04 | gnorm 0.32 | 39,421 tok/s | mfu 21.6%
step  7320 | loss 3.4739 | lr 4.00e-04 | gnorm 0.34 | 39,470 tok/s | mfu 21.6%
step  7330 | loss 3.5125 | lr 4.00e-04 | gnorm 0.35 | 39,422 tok/s | mfu 21.6%
step  7340 | loss 3.5551 | lr 4.00e-04 | gnorm 0.32 | 39,382 tok/s | mfu 21.6%
step  7350 | loss 3.5003 | lr 4.00e-04 | gnorm 0.29 | 39,433 tok/s | mfu 21.6%
step  7360 | loss 3.5213 | lr 4.00e-04 | gnorm 0.32 | 39,404 tok/s | mfu 21.6%
step  7370 | loss 3.4919 | lr 4.00e-04 | gnorm 0.30 | 39,407 tok/s | mfu 21.6%
step  7380 | loss 3.4965 | lr 4.00e-04 | gnorm 0.29 | 39,401 tok/s | mfu 21.6%
step  7390 | loss 3.4776 | lr 4.00e-04 | gnorm 0.31 | 39,451 tok/s | mfu 21.6%
step  7400 | loss 3.5335 | lr 4.00e-04 | gnorm 0.31 | 39,451 tok/s | mfu 21.6%
step  7410 | loss 3.5117 | lr 4.00e-04 | gnorm 0.31 | 39,423 tok/s | mfu 21.6%
step  7420 | loss 3.4678 | lr 4.00e-04 | gnorm 0.28 | 39,412 tok/s | mfu 21.6%
step  7430 | loss 3.5318 | lr 4.00e-04 | gnorm 0.31 | 39,443 tok/s | mfu 21.6%
step  7440 | loss 3.5171 | lr 4.00e-04 | gnorm 0.30 | 39,599 tok/s | mfu 21.7%
step  7450 | loss 3.5070 | lr 4.00e-04 | gnorm 0.27 | 39,495 tok/s | mfu 21.6%
step  7460 | loss 3.4799 | lr 4.00e-04 | gnorm 0.28 | 39,494 tok/s | mfu 21.6%
step  7470 | loss 3.5349 | lr 4.00e-04 | gnorm 0.27 | 39,438 tok/s | mfu 21.6%
step  7480 | loss 3.4658 | lr 4.00e-04 | gnorm 0.32 | 39,472 tok/s | mfu 21.6%
step  7490 | loss 3.5263 | lr 4.00e-04 | gnorm 0.31 | 39,408 tok/s | mfu 21.6%
step  7500 | loss 3.4769 | lr 4.00e-04 | gnorm 0.30 | 39,453 tok/s | mfu 21.6%
step  7510 | loss 3.5087 | lr 4.00e-04 | gnorm 0.27 | 39,505 tok/s | mfu 21.6%
step  7520 | loss 3.4880 | lr 4.00e-04 | gnorm 0.31 | 39,548 tok/s | mfu 21.7%
step  7530 | loss 3.5163 | lr 4.00e-04 | gnorm 0.41 | 39,491 tok/s | mfu 21.6%
step  7540 | loss 3.5088 | lr 4.00e-04 | gnorm 0.33 | 39,474 tok/s | mfu 21.6%
step  7550 | loss 3.5233 | lr 4.00e-04 | gnorm 0.30 | 39,435 tok/s | mfu 21.6%
step  7560 | loss 3.5075 | lr 4.00e-04 | gnorm 0.31 | 39,434 tok/s | mfu 21.6%
step  7570 | loss 3.5104 | lr 4.00e-04 | gnorm 0.27 | 39,442 tok/s | mfu 21.6%
step  7580 | loss 3.5075 | lr 4.00e-04 | gnorm 0.29 | 39,419 tok/s | mfu 21.6%
step  7590 | loss 3.5207 | lr 4.00e-04 | gnorm 0.31 | 39,471 tok/s | mfu 21.6%
step  7600 | loss 3.5069 | lr 4.00e-04 | gnorm 0.31 | 39,430 tok/s | mfu 21.6%
step  7610 | loss 3.4725 | lr 4.00e-04 | gnorm 0.40 | 39,409 tok/s | mfu 21.6%
step  7620 | loss 3.4627 | lr 4.00e-04 | gnorm 0.28 | 39,434 tok/s | mfu 21.6%
step  7630 | loss 3.5023 | lr 4.00e-04 | gnorm 0.31 | 39,418 tok/s | mfu 21.6%
step  7640 | loss 3.5242 | lr 4.00e-04 | gnorm 0.48 | 39,404 tok/s | mfu 21.6%
step  7650 | loss 3.5080 | lr 4.00e-04 | gnorm 0.34 | 39,434 tok/s | mfu 21.6%
step  7660 | loss 3.4941 | lr 4.00e-04 | gnorm 0.31 | 39,416 tok/s | mfu 21.6%
step  7670 | loss 3.5231 | lr 4.00e-04 | gnorm 0.27 | 39,452 tok/s | mfu 21.6%
step  7680 | loss 3.5194 | lr 4.00e-04 | gnorm 0.29 | 39,562 tok/s | mfu 21.7%
step  7690 | loss 3.5025 | lr 4.00e-04 | gnorm 0.31 | 39,451 tok/s | mfu 21.6%
step  7700 | loss 3.5212 | lr 4.00e-04 | gnorm 0.27 | 39,429 tok/s | mfu 21.6%
step  7710 | loss 3.5030 | lr 4.00e-04 | gnorm 0.29 | 39,430 tok/s | mfu 21.6%
step  7720 | loss 3.5099 | lr 4.00e-04 | gnorm 0.36 | 39,833 tok/s | mfu 21.8%
step  7730 | loss 3.5083 | lr 4.00e-04 | gnorm 0.33 | 39,430 tok/s | mfu 21.6%
step  7740 | loss 3.4720 | lr 4.00e-04 | gnorm 0.28 | 39,467 tok/s | mfu 21.6%
step  7750 | loss 3.5335 | lr 4.00e-04 | gnorm 0.28 | 39,469 tok/s | mfu 21.6%
step  7760 | loss 3.5184 | lr 4.00e-04 | gnorm 0.30 | 39,597 tok/s | mfu 21.7%
step  7770 | loss 3.4838 | lr 4.00e-04 | gnorm 0.29 | 39,509 tok/s | mfu 21.6%
step  7780 | loss 3.5105 | lr 4.00e-04 | gnorm 0.30 | 39,478 tok/s | mfu 21.6%
step  7790 | loss 3.5411 | lr 4.00e-04 | gnorm 0.30 | 39,449 tok/s | mfu 21.6%
step  7800 | loss 3.5525 | lr 4.00e-04 | gnorm 0.33 | 39,594 tok/s | mfu 21.7%
step  7810 | loss 3.5071 | lr 4.00e-04 | gnorm 0.25 | 39,488 tok/s | mfu 21.6%
step  7820 | loss 3.4898 | lr 4.00e-04 | gnorm 0.29 | 39,687 tok/s | mfu 21.7%
step  7830 | loss 3.5320 | lr 4.00e-04 | gnorm 0.32 | 39,426 tok/s | mfu 21.6%
step  7840 | loss 3.5095 | lr 4.00e-04 | gnorm 0.28 | 39,471 tok/s | mfu 21.6%
step  7850 | loss 3.4863 | lr 4.00e-04 | gnorm 0.31 | 39,458 tok/s | mfu 21.6%
step  7860 | loss 3.5061 | lr 4.00e-04 | gnorm 0.30 | 39,470 tok/s | mfu 21.6%
step  7870 | loss 3.4867 | lr 4.00e-04 | gnorm 0.28 | 39,586 tok/s | mfu 21.7%
step  7880 | loss 3.4801 | lr 4.00e-04 | gnorm 0.31 | 39,417 tok/s | mfu 21.6%
step  7890 | loss 3.5245 | lr 4.00e-04 | gnorm 0.33 | 39,597 tok/s | mfu 21.7%
step  7900 | loss 3.4653 | lr 4.00e-04 | gnorm 0.30 | 39,430 tok/s | mfu 21.6%
step  7910 | loss 3.5149 | lr 4.00e-04 | gnorm 0.32 | 39,430 tok/s | mfu 21.6%
step  7920 | loss 3.4939 | lr 4.00e-04 | gnorm 0.30 | 39,474 tok/s | mfu 21.6%
step  7930 | loss 3.5126 | lr 4.00e-04 | gnorm 0.31 | 39,457 tok/s | mfu 21.6%
step  7940 | loss 3.4828 | lr 4.00e-04 | gnorm 0.30 | 39,450 tok/s | mfu 21.6%
step  7950 | loss 3.5001 | lr 4.00e-04 | gnorm 0.32 | 39,505 tok/s | mfu 21.6%
step  7960 | loss 3.5084 | lr 4.00e-04 | gnorm 0.32 | 39,469 tok/s | mfu 21.6%
step  7970 | loss 3.4809 | lr 4.00e-04 | gnorm 0.34 | 39,456 tok/s | mfu 21.6%
step  7980 | loss 3.5314 | lr 4.00e-04 | gnorm 0.28 | 39,472 tok/s | mfu 21.6%
step  7990 | loss 3.4952 | lr 4.00e-04 | gnorm 0.31 | 39,417 tok/s | mfu 21.6%
step  8000 | loss 3.5028 | lr 4.00e-04 | gnorm 0.30 | 39,412 tok/s | mfu 21.6%
  >> eval  step 8000  train 3.4877  val 3.5247  val_ppl 33.94
  >> saved ckpt/ckpt_8000.pt
step  8010 | loss 3.4701 | lr 4.00e-04 | gnorm 0.31 | 35,548 tok/s | mfu 19.5%
step  8020 | loss 3.4890 | lr 4.00e-04 | gnorm 0.29 | 39,562 tok/s | mfu 21.7%
step  8030 | loss 3.5049 | lr 4.00e-04 | gnorm 0.30 | 39,422 tok/s | mfu 21.6%
step  8040 | loss 3.4936 | lr 4.00e-04 | gnorm 0.34 | 39,448 tok/s | mfu 21.6%
step  8050 | loss 3.5180 | lr 4.00e-04 | gnorm 0.29 | 39,470 tok/s | mfu 21.6%
step  8060 | loss 3.4919 | lr 4.00e-04 | gnorm 0.31 | 39,464 tok/s | mfu 21.6%
step  8070 | loss 3.4836 | lr 4.00e-04 | gnorm 0.30 | 39,474 tok/s | mfu 21.6%
step  8080 | loss 3.4704 | lr 4.00e-04 | gnorm 0.31 | 39,368 tok/s | mfu 21.6%
step  8090 | loss 3.4865 | lr 4.00e-04 | gnorm 0.32 | 39,646 tok/s | mfu 21.7%
step  8100 | loss 3.5105 | lr 4.00e-04 | gnorm 0.28 | 39,524 tok/s | mfu 21.6%
step  8110 | loss 3.5139 | lr 4.00e-04 | gnorm 0.34 | 39,589 tok/s | mfu 21.7%
step  8120 | loss 3.4673 | lr 4.00e-04 | gnorm 0.28 | 39,514 tok/s | mfu 21.6%
step  8130 | loss 3.5041 | lr 4.00e-04 | gnorm 0.28 | 39,534 tok/s | mfu 21.7%
step  8140 | loss 3.5001 | lr 4.00e-04 | gnorm 0.30 | 39,482 tok/s | mfu 21.6%
step  8150 | loss 3.4824 | lr 4.00e-04 | gnorm 0.32 | 39,524 tok/s | mfu 21.6%
step  8160 | loss 3.4783 | lr 4.00e-04 | gnorm 0.29 | 39,480 tok/s | mfu 21.6%
step  8170 | loss 3.4915 | lr 4.00e-04 | gnorm 0.28 | 39,593 tok/s | mfu 21.7%
step  8180 | loss 3.4750 | lr 4.00e-04 | gnorm 0.28 | 39,460 tok/s | mfu 21.6%
step  8190 | loss 3.5204 | lr 4.00e-04 | gnorm 0.31 | 39,551 tok/s | mfu 21.7%
step  8200 | loss 3.4932 | lr 4.00e-04 | gnorm 0.32 | 39,659 tok/s | mfu 21.7%
step  8210 | loss 3.4875 | lr 4.00e-04 | gnorm 0.27 | 39,622 tok/s | mfu 21.7%
step  8220 | loss 3.5193 | lr 4.00e-04 | gnorm 0.29 | 39,608 tok/s | mfu 21.7%
step  8230 | loss 3.4854 | lr 4.00e-04 | gnorm 0.38 | 39,484 tok/s | mfu 21.6%
step  8240 | loss 3.4685 | lr 4.00e-04 | gnorm 0.36 | 39,713 tok/s | mfu 21.7%
step  8250 | loss 3.5079 | lr 4.00e-04 | gnorm 0.28 | 39,638 tok/s | mfu 21.7%
step  8260 | loss 3.5064 | lr 4.00e-04 | gnorm 0.32 | 39,942 tok/s | mfu 21.9%
step  8270 | loss 3.4958 | lr 4.00e-04 | gnorm 0.30 | 39,821 tok/s | mfu 21.8%
step  8280 | loss 3.4954 | lr 4.00e-04 | gnorm 0.28 | 39,607 tok/s | mfu 21.7%
step  8290 | loss 3.4711 | lr 4.00e-04 | gnorm 0.31 | 39,677 tok/s | mfu 21.7%
step  8300 | loss 3.5332 | lr 4.00e-04 | gnorm 0.33 | 39,589 tok/s | mfu 21.7%
step  8310 | loss 3.4971 | lr 4.00e-04 | gnorm 0.34 | 39,603 tok/s | mfu 21.7%
step  8320 | loss 3.4819 | lr 4.00e-04 | gnorm 0.30 | 39,548 tok/s | mfu 21.7%
step  8330 | loss 3.5216 | lr 4.00e-04 | gnorm 0.34 | 39,439 tok/s | mfu 21.6%
step  8340 | loss 3.4705 | lr 4.00e-04 | gnorm 0.26 | 39,465 tok/s | mfu 21.6%
step  8350 | loss 3.5081 | lr 4.00e-04 | gnorm 0.30 | 39,452 tok/s | mfu 21.6%
step  8360 | loss 3.4794 | lr 4.00e-04 | gnorm 0.30 | 39,508 tok/s | mfu 21.6%
step  8370 | loss 3.4564 | lr 4.00e-04 | gnorm 0.28 | 39,656 tok/s | mfu 21.7%
step  8380 | loss 3.4679 | lr 4.00e-04 | gnorm 0.29 | 39,774 tok/s | mfu 21.8%
step  8390 | loss 3.4502 | lr 4.00e-04 | gnorm 0.27 | 39,538 tok/s | mfu 21.7%
step  8400 | loss 3.4523 | lr 4.00e-04 | gnorm 0.28 | 39,501 tok/s | mfu 21.6%
step  8410 | loss 3.5010 | lr 4.00e-04 | gnorm 0.27 | 39,454 tok/s | mfu 21.6%
step  8420 | loss 3.4794 | lr 4.00e-04 | gnorm 0.32 | 39,492 tok/s | mfu 21.6%
step  8430 | loss 3.4913 | lr 4.00e-04 | gnorm 0.29 | 39,674 tok/s | mfu 21.7%
step  8440 | loss 3.5313 | lr 4.00e-04 | gnorm 0.35 | 39,432 tok/s | mfu 21.6%
step  8450 | loss 3.4806 | lr 4.00e-04 | gnorm 0.30 | 39,550 tok/s | mfu 21.7%
step  8460 | loss 3.5071 | lr 4.00e-04 | gnorm 0.33 | 39,787 tok/s | mfu 21.8%
step  8470 | loss 3.4537 | lr 4.00e-04 | gnorm 0.29 | 39,653 tok/s | mfu 21.7%
step  8480 | loss 3.5071 | lr 4.00e-04 | gnorm 0.28 | 39,414 tok/s | mfu 21.6%
step  8490 | loss 3.4858 | lr 4.00e-04 | gnorm 0.30 | 39,456 tok/s | mfu 21.6%
step  8500 | loss 3.4668 | lr 4.00e-04 | gnorm 0.33 | 39,421 tok/s | mfu 21.6%
step  8510 | loss 3.4932 | lr 4.00e-04 | gnorm 0.28 | 39,449 tok/s | mfu 21.6%
step  8520 | loss 3.5118 | lr 4.00e-04 | gnorm 0.29 | 39,472 tok/s | mfu 21.6%
step  8530 | loss 3.4547 | lr 4.00e-04 | gnorm 0.29 | 39,445 tok/s | mfu 21.6%
step  8540 | loss 3.4851 | lr 4.00e-04 | gnorm 0.29 | 39,494 tok/s | mfu 21.6%
step  8550 | loss 3.4989 | lr 4.00e-04 | gnorm 0.28 | 39,497 tok/s | mfu 21.6%
step  8560 | loss 3.4673 | lr 4.00e-04 | gnorm 0.32 | 39,578 tok/s | mfu 21.7%
step  8570 | loss 3.4927 | lr 4.00e-04 | gnorm 0.30 | 39,526 tok/s | mfu 21.6%
step  8580 | loss 3.4676 | lr 4.00e-04 | gnorm 0.30 | 39,475 tok/s | mfu 21.6%
step  8590 | loss 3.4964 | lr 4.00e-04 | gnorm 0.37 | 39,418 tok/s | mfu 21.6%
step  8600 | loss 3.4818 | lr 4.00e-04 | gnorm 0.28 | 39,467 tok/s | mfu 21.6%
step  8610 | loss 3.5071 | lr 4.00e-04 | gnorm 0.28 | 39,506 tok/s | mfu 21.6%
step  8620 | loss 3.4935 | lr 4.00e-04 | gnorm 0.32 | 39,453 tok/s | mfu 21.6%
step  8630 | loss 3.5081 | lr 4.00e-04 | gnorm 0.37 | 39,442 tok/s | mfu 21.6%
step  8640 | loss 3.4923 | lr 4.00e-04 | gnorm 0.34 | 39,448 tok/s | mfu 21.6%
step  8650 | loss 3.4933 | lr 4.00e-04 | gnorm 0.29 | 39,409 tok/s | mfu 21.6%
step  8660 | loss 3.4533 | lr 4.00e-04 | gnorm 0.27 | 39,454 tok/s | mfu 21.6%
step  8670 | loss 3.4938 | lr 4.00e-04 | gnorm 0.35 | 39,415 tok/s | mfu 21.6%
step  8680 | loss 3.4577 | lr 4.00e-04 | gnorm 0.32 | 39,447 tok/s | mfu 21.6%
step  8690 | loss 3.4931 | lr 4.00e-04 | gnorm 0.33 | 39,506 tok/s | mfu 21.6%
step  8700 | loss 3.4868 | lr 4.00e-04 | gnorm 0.37 | 39,454 tok/s | mfu 21.6%
step  8710 | loss 3.4857 | lr 4.00e-04 | gnorm 0.33 | 39,512 tok/s | mfu 21.6%
step  8720 | loss 3.4542 | lr 4.00e-04 | gnorm 0.31 | 39,502 tok/s | mfu 21.6%
step  8730 | loss 3.4995 | lr 4.00e-04 | gnorm 0.31 | 39,596 tok/s | mfu 21.7%
step  8740 | loss 3.4697 | lr 4.00e-04 | gnorm 0.33 | 39,471 tok/s | mfu 21.6%
step  8750 | loss 3.4778 | lr 4.00e-04 | gnorm 0.28 | 39,484 tok/s | mfu 21.6%
step  8760 | loss 3.4659 | lr 4.00e-04 | gnorm 0.28 | 39,557 tok/s | mfu 21.7%
step  8770 | loss 3.4910 | lr 4.00e-04 | gnorm 0.30 | 39,488 tok/s | mfu 21.6%
step  8780 | loss 3.4937 | lr 4.00e-04 | gnorm 0.29 | 39,471 tok/s | mfu 21.6%
step  8790 | loss 3.5080 | lr 4.00e-04 | gnorm 0.32 | 39,441 tok/s | mfu 21.6%
step  8800 | loss 3.4618 | lr 4.00e-04 | gnorm 0.29 | 39,466 tok/s | mfu 21.6%
step  8810 | loss 3.4828 | lr 4.00e-04 | gnorm 0.26 | 39,466 tok/s | mfu 21.6%
step  8820 | loss 3.5230 | lr 4.00e-04 | gnorm 0.31 | 39,424 tok/s | mfu 21.6%
step  8830 | loss 3.5068 | lr 4.00e-04 | gnorm 0.34 | 39,447 tok/s | mfu 21.6%
step  8840 | loss 3.4374 | lr 4.00e-04 | gnorm 0.28 | 39,410 tok/s | mfu 21.6%
step  8850 | loss 3.4802 | lr 4.00e-04 | gnorm 0.34 | 39,430 tok/s | mfu 21.6%
step  8860 | loss 3.5232 | lr 4.00e-04 | gnorm 0.32 | 39,452 tok/s | mfu 21.6%
step  8870 | loss 3.4750 | lr 4.00e-04 | gnorm 0.31 | 39,451 tok/s | mfu 21.6%
step  8880 | loss 3.4434 | lr 4.00e-04 | gnorm 0.30 | 39,437 tok/s | mfu 21.6%
step  8890 | loss 3.4984 | lr 4.00e-04 | gnorm 0.29 | 39,472 tok/s | mfu 21.6%
step  8900 | loss 3.4942 | lr 4.00e-04 | gnorm 0.30 | 39,458 tok/s | mfu 21.6%
step  8910 | loss 3.4664 | lr 4.00e-04 | gnorm 0.32 | 39,471 tok/s | mfu 21.6%
step  8920 | loss 3.4693 | lr 4.00e-04 | gnorm 0.28 | 39,446 tok/s | mfu 21.6%
step  8930 | loss 3.4747 | lr 4.00e-04 | gnorm 0.30 | 39,478 tok/s | mfu 21.6%
step  8940 | loss 3.5213 | lr 4.00e-04 | gnorm 0.30 | 39,426 tok/s | mfu 21.6%
step  8950 | loss 3.4653 | lr 4.00e-04 | gnorm 0.33 | 39,471 tok/s | mfu 21.6%
step  8960 | loss 3.4678 | lr 4.00e-04 | gnorm 0.27 | 39,456 tok/s | mfu 21.6%
step  8970 | loss 3.4972 | lr 4.00e-04 | gnorm 0.35 | 39,471 tok/s | mfu 21.6%
step  8980 | loss 3.4629 | lr 4.00e-04 | gnorm 0.26 | 39,577 tok/s | mfu 21.7%
step  8990 | loss 3.4795 | lr 4.00e-04 | gnorm 0.30 | 39,544 tok/s | mfu 21.7%
step  9000 | loss 3.4395 | lr 4.00e-04 | gnorm 0.30 | 39,545 tok/s | mfu 21.7%
  >> eval  step 9000  train 3.5041  val 3.4788  val_ppl 32.42
step  9010 | loss 3.4659 | lr 4.00e-04 | gnorm 0.31 | 35,700 tok/s | mfu 19.6%
step  9020 | loss 3.5169 | lr 4.00e-04 | gnorm 0.31 | 39,458 tok/s | mfu 21.6%
step  9030 | loss 3.4960 | lr 4.00e-04 | gnorm 0.30 | 39,411 tok/s | mfu 21.6%
step  9040 | loss 3.4626 | lr 4.00e-04 | gnorm 0.32 | 39,465 tok/s | mfu 21.6%
step  9050 | loss 3.4510 | lr 4.00e-04 | gnorm 0.33 | 39,499 tok/s | mfu 21.6%
step  9060 | loss 3.4752 | lr 4.00e-04 | gnorm 0.31 | 39,442 tok/s | mfu 21.6%
step  9070 | loss 3.5097 | lr 4.00e-04 | gnorm 0.38 | 39,504 tok/s | mfu 21.6%
step  9080 | loss 3.4672 | lr 4.00e-04 | gnorm 0.31 | 39,428 tok/s | mfu 21.6%
step  9090 | loss 3.4640 | lr 4.00e-04 | gnorm 0.32 | 39,409 tok/s | mfu 21.6%
step  9100 | loss 3.4789 | lr 4.00e-04 | gnorm 0.33 | 39,432 tok/s | mfu 21.6%
step  9110 | loss 3.5196 | lr 4.00e-04 | gnorm 0.29 | 39,446 tok/s | mfu 21.6%
step  9120 | loss 3.4822 | lr 4.00e-04 | gnorm 0.30 | 39,444 tok/s | mfu 21.6%
step  9130 | loss 3.5134 | lr 4.00e-04 | gnorm 0.33 | 39,442 tok/s | mfu 21.6%
step  9140 | loss 3.4758 | lr 4.00e-04 | gnorm 0.28 | 39,511 tok/s | mfu 21.6%
step  9150 | loss 3.5022 | lr 4.00e-04 | gnorm 0.31 | 39,489 tok/s | mfu 21.6%
step  9160 | loss 3.4659 | lr 4.00e-04 | gnorm 0.31 | 39,478 tok/s | mfu 21.6%
step  9170 | loss 3.5008 | lr 4.00e-04 | gnorm 0.34 | 39,432 tok/s | mfu 21.6%
step  9180 | loss 3.4664 | lr 4.00e-04 | gnorm 0.45 | 39,471 tok/s | mfu 21.6%
step  9190 | loss 3.4912 | lr 4.00e-04 | gnorm 0.31 | 39,463 tok/s | mfu 21.6%
step  9200 | loss 3.4828 | lr 4.00e-04 | gnorm 0.31 | 39,445 tok/s | mfu 21.6%
step  9210 | loss 3.4702 | lr 4.00e-04 | gnorm 0.47 | 39,471 tok/s | mfu 21.6%
step  9220 | loss 3.5218 | lr 4.00e-04 | gnorm 0.28 | 39,533 tok/s | mfu 21.7%
step  9230 | loss 3.4473 | lr 4.00e-04 | gnorm 0.29 | 39,565 tok/s | mfu 21.7%
step  9240 | loss 3.4601 | lr 4.00e-04 | gnorm 0.30 | 39,477 tok/s | mfu 21.6%
step  9250 | loss 3.4666 | lr 4.00e-04 | gnorm 0.32 | 39,454 tok/s | mfu 21.6%
step  9260 | loss 3.4575 | lr 4.00e-04 | gnorm 0.32 | 39,552 tok/s | mfu 21.7%
step  9270 | loss 3.4735 | lr 4.00e-04 | gnorm 0.31 | 39,583 tok/s | mfu 21.7%
step  9280 | loss 3.4736 | lr 4.00e-04 | gnorm 0.31 | 39,506 tok/s | mfu 21.6%
step  9290 | loss 3.5177 | lr 4.00e-04 | gnorm 0.34 | 39,436 tok/s | mfu 21.6%
step  9300 | loss 3.4584 | lr 4.00e-04 | gnorm 0.41 | 39,428 tok/s | mfu 21.6%
step  9310 | loss 3.4958 | lr 4.00e-04 | gnorm 0.32 | 39,464 tok/s | mfu 21.6%
step  9320 | loss 3.5026 | lr 4.00e-04 | gnorm 0.30 | 39,430 tok/s | mfu 21.6%
step  9330 | loss 3.4395 | lr 4.00e-04 | gnorm 0.34 | 39,445 tok/s | mfu 21.6%
step  9340 | loss 3.4584 | lr 4.00e-04 | gnorm 0.33 | 39,435 tok/s | mfu 21.6%
step  9350 | loss 3.4722 | lr 4.00e-04 | gnorm 0.32 | 39,438 tok/s | mfu 21.6%
step  9360 | loss 3.4489 | lr 4.00e-04 | gnorm 0.33 | 39,445 tok/s | mfu 21.6%
step  9370 | loss 3.4517 | lr 4.00e-04 | gnorm 0.41 | 39,457 tok/s | mfu 21.6%
step  9380 | loss 3.4452 | lr 4.00e-04 | gnorm 0.33 | 39,481 tok/s | mfu 21.6%
step  9390 | loss 3.4980 | lr 4.00e-04 | gnorm 0.37 | 39,480 tok/s | mfu 21.6%
step  9400 | loss 3.4694 | lr 4.00e-04 | gnorm 0.32 | 39,443 tok/s | mfu 21.6%
step  9410 | loss 3.4607 | lr 4.00e-04 | gnorm 0.31 | 39,510 tok/s | mfu 21.6%
step  9420 | loss 3.4514 | lr 4.00e-04 | gnorm 0.30 | 39,455 tok/s | mfu 21.6%
step  9430 | loss 3.5419 | lr 4.00e-04 | gnorm 0.37 | 39,490 tok/s | mfu 21.6%
step  9440 | loss 3.4846 | lr 4.00e-04 | gnorm 0.29 | 39,460 tok/s | mfu 21.6%
step  9450 | loss 3.4715 | lr 4.00e-04 | gnorm 0.32 | 39,455 tok/s | mfu 21.6%
step  9460 | loss 3.4456 | lr 4.00e-04 | gnorm 0.30 | 39,453 tok/s | mfu 21.6%
step  9470 | loss 3.4378 | lr 4.00e-04 | gnorm 0.27 | 39,528 tok/s | mfu 21.6%
step  9480 | loss 3.5655 | lr 4.00e-04 | gnorm 0.29 | 39,501 tok/s | mfu 21.6%
step  9490 | loss 3.4458 | lr 4.00e-04 | gnorm 0.30 | 39,511 tok/s | mfu 21.6%
step  9500 | loss 3.4919 | lr 4.00e-04 | gnorm 0.29 | 39,505 tok/s | mfu 21.6%
step  9510 | loss 3.4767 | lr 4.00e-04 | gnorm 0.41 | 39,568 tok/s | mfu 21.7%
step  9520 | loss 3.4860 | lr 4.00e-04 | gnorm 0.33 | 39,513 tok/s | mfu 21.6%
step  9530 | loss 3.4728 | lr 4.00e-04 | gnorm 0.28 | 39,549 tok/s | mfu 21.7%
step  9540 | loss 3.4879 | lr 4.00e-04 | gnorm 0.29 | 39,564 tok/s | mfu 21.7%
step  9550 | loss 3.4673 | lr 4.00e-04 | gnorm 0.30 | 39,468 tok/s | mfu 21.6%
step  9560 | loss 3.4580 | lr 4.00e-04 | gnorm 0.32 | 39,520 tok/s | mfu 21.6%
step  9570 | loss 3.4659 | lr 4.00e-04 | gnorm 0.27 | 39,487 tok/s | mfu 21.6%
step  9580 | loss 3.4373 | lr 4.00e-04 | gnorm 0.30 | 39,470 tok/s | mfu 21.6%
step  9590 | loss 3.4481 | lr 4.00e-04 | gnorm 0.27 | 39,505 tok/s | mfu 21.6%
step  9600 | loss 3.5044 | lr 4.00e-04 | gnorm 0.35 | 39,470 tok/s | mfu 21.6%
step  9610 | loss 3.4791 | lr 4.00e-04 | gnorm 0.27 | 39,486 tok/s | mfu 21.6%
step  9620 | loss 3.4938 | lr 4.00e-04 | gnorm 0.40 | 39,511 tok/s | mfu 21.6%
step  9630 | loss 3.4667 | lr 4.00e-04 | gnorm 0.28 | 39,426 tok/s | mfu 21.6%
step  9640 | loss 3.4519 | lr 4.00e-04 | gnorm 0.30 | 39,478 tok/s | mfu 21.6%
step  9650 | loss 3.4903 | lr 4.00e-04 | gnorm 0.32 | 39,471 tok/s | mfu 21.6%
step  9660 | loss 3.4642 | lr 4.00e-04 | gnorm 0.30 | 39,499 tok/s | mfu 21.6%
step  9670 | loss 3.5148 | lr 4.00e-04 | gnorm 0.31 | 39,459 tok/s | mfu 21.6%
step  9680 | loss 3.4708 | lr 4.00e-04 | gnorm 0.31 | 39,493 tok/s | mfu 21.6%
step  9690 | loss 3.4471 | lr 4.00e-04 | gnorm 0.29 | 39,486 tok/s | mfu 21.6%
step  9700 | loss 3.4789 | lr 4.00e-04 | gnorm 0.31 | 39,479 tok/s | mfu 21.6%
step  9710 | loss 3.4357 | lr 4.00e-04 | gnorm 0.26 | 39,470 tok/s | mfu 21.6%
step  9720 | loss 3.5006 | lr 4.00e-04 | gnorm 0.31 | 39,584 tok/s | mfu 21.7%
step  9730 | loss 3.4604 | lr 4.00e-04 | gnorm 0.34 | 39,548 tok/s | mfu 21.7%
step  9740 | loss 3.5017 | lr 4.00e-04 | gnorm 0.35 | 39,649 tok/s | mfu 21.7%
step  9750 | loss 3.4621 | lr 4.00e-04 | gnorm 0.35 | 39,635 tok/s | mfu 21.7%
step  9760 | loss 3.5142 | lr 4.00e-04 | gnorm 0.32 | 39,454 tok/s | mfu 21.6%
step  9770 | loss 3.4774 | lr 4.00e-04 | gnorm 0.28 | 39,515 tok/s | mfu 21.6%
step  9780 | loss 3.5041 | lr 4.00e-04 | gnorm 0.34 | 39,427 tok/s | mfu 21.6%
step  9790 | loss 3.4703 | lr 4.00e-04 | gnorm 0.34 | 39,457 tok/s | mfu 21.6%
step  9800 | loss 3.4653 | lr 4.00e-04 | gnorm 0.28 | 39,538 tok/s | mfu 21.7%
step  9810 | loss 3.4981 | lr 4.00e-04 | gnorm 0.33 | 39,520 tok/s | mfu 21.6%
step  9820 | loss 3.4732 | lr 4.00e-04 | gnorm 0.35 | 39,507 tok/s | mfu 21.6%
step  9830 | loss 3.4190 | lr 4.00e-04 | gnorm 0.29 | 39,465 tok/s | mfu 21.6%
step  9840 | loss 3.4842 | lr 4.00e-04 | gnorm 0.28 | 39,442 tok/s | mfu 21.6%
step  9850 | loss 3.4776 | lr 4.00e-04 | gnorm 0.32 | 39,561 tok/s | mfu 21.7%
step  9860 | loss 3.4759 | lr 4.00e-04 | gnorm 0.31 | 39,570 tok/s | mfu 21.7%
step  9870 | loss 3.4764 | lr 4.00e-04 | gnorm 0.31 | 39,471 tok/s | mfu 21.6%
step  9880 | loss 3.4648 | lr 4.00e-04 | gnorm 0.31 | 39,419 tok/s | mfu 21.6%
step  9890 | loss 3.4692 | lr 4.00e-04 | gnorm 0.33 | 39,462 tok/s | mfu 21.6%
step  9900 | loss 3.4609 | lr 4.00e-04 | gnorm 0.32 | 39,465 tok/s | mfu 21.6%
step  9910 | loss 3.4747 | lr 4.00e-04 | gnorm 0.35 | 39,546 tok/s | mfu 21.7%
step  9920 | loss 3.4902 | lr 4.00e-04 | gnorm 0.31 | 39,465 tok/s | mfu 21.6%
step  9930 | loss 3.4250 | lr 4.00e-04 | gnorm 0.29 | 39,448 tok/s | mfu 21.6%
step  9940 | loss 3.4811 | lr 4.00e-04 | gnorm 0.27 | 39,488 tok/s | mfu 21.6%
step  9950 | loss 3.5288 | lr 4.00e-04 | gnorm 0.36 | 39,473 tok/s | mfu 21.6%
step  9960 | loss 3.4370 | lr 4.00e-04 | gnorm 0.36 | 39,499 tok/s | mfu 21.6%
step  9970 | loss 3.4333 | lr 4.00e-04 | gnorm 0.26 | 39,454 tok/s | mfu 21.6%
step  9980 | loss 3.4708 | lr 4.00e-04 | gnorm 0.27 | 39,524 tok/s | mfu 21.6%
step  9990 | loss 3.4472 | lr 4.00e-04 | gnorm 0.31 | 39,446 tok/s | mfu 21.6%
step 10000 | loss 3.4539 | lr 4.00e-04 | gnorm 0.28 | 39,427 tok/s | mfu 21.6%
  >> eval  step 10000  train 3.4728  val 3.4507  val_ppl 31.52
  >> saved ckpt/ckpt_10000.pt
step 10010 | loss 3.4338 | lr 4.00e-04 | gnorm 0.34 | 35,457 tok/s | mfu 19.4%
step 10020 | loss 3.4260 | lr 4.00e-04 | gnorm 0.29 | 39,414 tok/s | mfu 21.6%
step 10030 | loss 3.4344 | lr 4.00e-04 | gnorm 0.34 | 39,526 tok/s | mfu 21.6%
step 10040 | loss 3.4856 | lr 4.00e-04 | gnorm 0.34 | 39,430 tok/s | mfu 21.6%
step 10050 | loss 3.4798 | lr 4.00e-04 | gnorm 0.35 | 39,485 tok/s | mfu 21.6%
step 10060 | loss 3.4975 | lr 4.00e-04 | gnorm 0.32 | 39,474 tok/s | mfu 21.6%
step 10070 | loss 3.4243 | lr 4.00e-04 | gnorm 0.31 | 39,457 tok/s | mfu 21.6%
step 10080 | loss 3.4832 | lr 4.00e-04 | gnorm 0.27 | 39,448 tok/s | mfu 21.6%
step 10090 | loss 3.4640 | lr 4.00e-04 | gnorm 0.26 | 39,440 tok/s | mfu 21.6%
step 10100 | loss 3.4624 | lr 4.00e-04 | gnorm 0.35 | 39,528 tok/s | mfu 21.6%
step 10110 | loss 3.4710 | lr 4.00e-04 | gnorm 0.33 | 39,436 tok/s | mfu 21.6%
step 10120 | loss 3.4847 | lr 4.00e-04 | gnorm 0.35 | 39,576 tok/s | mfu 21.7%
step 10130 | loss 3.4488 | lr 4.00e-04 | gnorm 0.30 | 39,513 tok/s | mfu 21.6%
step 10140 | loss 3.4538 | lr 4.00e-04 | gnorm 0.32 | 39,520 tok/s | mfu 21.6%
step 10150 | loss 3.4845 | lr 4.00e-04 | gnorm 0.29 | 39,602 tok/s | mfu 21.7%
step 10160 | loss 3.4842 | lr 4.00e-04 | gnorm 0.32 | 39,499 tok/s | mfu 21.6%
step 10170 | loss 3.4355 | lr 4.00e-04 | gnorm 0.29 | 39,451 tok/s | mfu 21.6%
step 10180 | loss 3.4291 | lr 4.00e-04 | gnorm 0.40 | 39,581 tok/s | mfu 21.7%
step 10190 | loss 3.4778 | lr 4.00e-04 | gnorm 0.30 | 39,486 tok/s | mfu 21.6%
step 10200 | loss 3.4732 | lr 4.00e-04 | gnorm 0.30 | 39,485 tok/s | mfu 21.6%
step 10210 | loss 3.4406 | lr 4.00e-04 | gnorm 0.27 | 39,710 tok/s | mfu 21.7%
step 10220 | loss 3.4618 | lr 4.00e-04 | gnorm 0.32 | 39,468 tok/s | mfu 21.6%
step 10230 | loss 3.4564 | lr 4.00e-04 | gnorm 0.31 | 39,481 tok/s | mfu 21.6%
step 10240 | loss 3.4326 | lr 4.00e-04 | gnorm 0.31 | 39,581 tok/s | mfu 21.7%
step 10250 | loss 3.4082 | lr 4.00e-04 | gnorm 0.35 | 39,641 tok/s | mfu 21.7%
step 10260 | loss 3.4867 | lr 4.00e-04 | gnorm 0.29 | 39,461 tok/s | mfu 21.6%
step 10270 | loss 3.5321 | lr 4.00e-04 | gnorm 0.33 | 39,477 tok/s | mfu 21.6%
step 10280 | loss 3.4748 | lr 4.00e-04 | gnorm 0.32 | 39,609 tok/s | mfu 21.7%
step 10290 | loss 3.4691 | lr 4.00e-04 | gnorm 0.27 | 39,650 tok/s | mfu 21.7%
step 10300 | loss 3.4782 | lr 4.00e-04 | gnorm 0.29 | 39,477 tok/s | mfu 21.6%
step 10310 | loss 3.4788 | lr 4.00e-04 | gnorm 0.29 | 39,479 tok/s | mfu 21.6%
step 10320 | loss 3.4766 | lr 4.00e-04 | gnorm 0.33 | 39,482 tok/s | mfu 21.6%
step 10330 | loss 3.4569 | lr 4.00e-04 | gnorm 0.32 | 39,556 tok/s | mfu 21.7%
step 10340 | loss 3.4789 | lr 4.00e-04 | gnorm 0.32 | 39,437 tok/s | mfu 21.6%
step 10350 | loss 3.4611 | lr 4.00e-04 | gnorm 0.28 | 39,433 tok/s | mfu 21.6%
step 10360 | loss 3.4484 | lr 4.00e-04 | gnorm 0.37 | 39,606 tok/s | mfu 21.7%
step 10370 | loss 3.5029 | lr 4.00e-04 | gnorm 0.28 | 39,406 tok/s | mfu 21.6%
step 10380 | loss 3.4536 | lr 4.00e-04 | gnorm 0.30 | 39,542 tok/s | mfu 21.7%
step 10390 | loss 3.4363 | lr 4.00e-04 | gnorm 0.33 | 39,563 tok/s | mfu 21.7%
step 10400 | loss 3.4332 | lr 4.00e-04 | gnorm 0.31 | 39,623 tok/s | mfu 21.7%
step 10410 | loss 3.4506 | lr 4.00e-04 | gnorm 0.32 | 39,726 tok/s | mfu 21.8%
step 10420 | loss 3.4758 | lr 4.00e-04 | gnorm 0.29 | 39,555 tok/s | mfu 21.7%
step 10430 | loss 3.4697 | lr 4.00e-04 | gnorm 0.36 | 39,530 tok/s | mfu 21.6%
step 10440 | loss 3.4872 | lr 4.00e-04 | gnorm 0.34 | 39,454 tok/s | mfu 21.6%
step 10450 | loss 3.4375 | lr 4.00e-04 | gnorm 0.31 | 39,520 tok/s | mfu 21.6%
step 10460 | loss 3.4636 | lr 4.00e-04 | gnorm 0.43 | 39,575 tok/s | mfu 21.7%
step 10470 | loss 3.4896 | lr 3.99e-04 | gnorm 0.41 | 39,800 tok/s | mfu 21.8%
step 10480 | loss 3.4693 | lr 3.99e-04 | gnorm 0.33 | 39,452 tok/s | mfu 21.6%
step 10490 | loss 3.4668 | lr 3.99e-04 | gnorm 0.29 | 39,521 tok/s | mfu 21.6%
step 10500 | loss 3.4637 | lr 3.99e-04 | gnorm 0.36 | 39,793 tok/s | mfu 21.8%
step 10510 | loss 3.4432 | lr 3.98e-04 | gnorm 0.37 | 39,513 tok/s | mfu 21.6%
step 10520 | loss 3.4567 | lr 3.98e-04 | gnorm 0.31 | 39,489 tok/s | mfu 21.6%
step 10530 | loss 3.4444 | lr 3.98e-04 | gnorm 0.31 | 39,454 tok/s | mfu 21.6%
step 10540 | loss 3.4585 | lr 3.97e-04 | gnorm 0.30 | 39,513 tok/s | mfu 21.6%
step 10550 | loss 3.4748 | lr 3.97e-04 | gnorm 0.29 | 39,444 tok/s | mfu 21.6%
step 10560 | loss 3.4650 | lr 3.97e-04 | gnorm 0.29 | 39,423 tok/s | mfu 21.6%
step 10570 | loss 3.4808 | lr 3.96e-04 | gnorm 0.32 | 39,471 tok/s | mfu 21.6%
step 10580 | loss 3.4514 | lr 3.96e-04 | gnorm 0.30 | 39,424 tok/s | mfu 21.6%
step 10590 | loss 3.4779 | lr 3.95e-04 | gnorm 0.31 | 39,431 tok/s | mfu 21.6%
step 10600 | loss 3.4635 | lr 3.95e-04 | gnorm 0.28 | 39,572 tok/s | mfu 21.7%
step 10610 | loss 3.4506 | lr 3.94e-04 | gnorm 0.32 | 39,533 tok/s | mfu 21.7%
step 10620 | loss 3.4602 | lr 3.94e-04 | gnorm 0.29 | 39,474 tok/s | mfu 21.6%
step 10630 | loss 3.4269 | lr 3.93e-04 | gnorm 0.33 | 39,447 tok/s | mfu 21.6%
step 10640 | loss 3.5322 | lr 3.92e-04 | gnorm 0.32 | 39,440 tok/s | mfu 21.6%
step 10650 | loss 3.4117 | lr 3.92e-04 | gnorm 0.27 | 39,464 tok/s | mfu 21.6%
step 10660 | loss 3.4701 | lr 3.91e-04 | gnorm 0.31 | 39,443 tok/s | mfu 21.6%
step 10670 | loss 3.4517 | lr 3.91e-04 | gnorm 0.28 | 39,488 tok/s | mfu 21.6%
step 10680 | loss 3.4601 | lr 3.90e-04 | gnorm 0.27 | 39,434 tok/s | mfu 21.6%
step 10690 | loss 3.4493 | lr 3.89e-04 | gnorm 0.31 | 39,424 tok/s | mfu 21.6%
step 10700 | loss 3.4854 | lr 3.88e-04 | gnorm 0.33 | 39,397 tok/s | mfu 21.6%
step 10710 | loss 3.4843 | lr 3.88e-04 | gnorm 0.33 | 39,436 tok/s | mfu 21.6%
step 10720 | loss 3.4557 | lr 3.87e-04 | gnorm 0.28 | 39,448 tok/s | mfu 21.6%
step 10730 | loss 3.4385 | lr 3.86e-04 | gnorm 0.36 | 39,452 tok/s | mfu 21.6%
step 10740 | loss 3.4907 | lr 3.85e-04 | gnorm 0.30 | 39,478 tok/s | mfu 21.6%
step 10750 | loss 3.4511 | lr 3.84e-04 | gnorm 0.27 | 39,490 tok/s | mfu 21.6%
step 10760 | loss 3.4442 | lr 3.83e-04 | gnorm 0.30 | 39,483 tok/s | mfu 21.6%
step 10770 | loss 3.4623 | lr 3.82e-04 | gnorm 0.35 | 39,594 tok/s | mfu 21.7%
step 10780 | loss 3.4711 | lr 3.81e-04 | gnorm 0.28 | 39,467 tok/s | mfu 21.6%
step 10790 | loss 3.4316 | lr 3.80e-04 | gnorm 0.29 | 39,449 tok/s | mfu 21.6%
step 10800 | loss 3.4715 | lr 3.79e-04 | gnorm 0.50 | 39,498 tok/s | mfu 21.6%
step 10810 | loss 3.4362 | lr 3.78e-04 | gnorm 0.30 | 39,582 tok/s | mfu 21.7%
step 10820 | loss 3.4813 | lr 3.77e-04 | gnorm 0.27 | 39,485 tok/s | mfu 21.6%
step 10830 | loss 3.4097 | lr 3.76e-04 | gnorm 0.33 | 39,472 tok/s | mfu 21.6%
step 10840 | loss 3.4786 | lr 3.75e-04 | gnorm 0.28 | 39,465 tok/s | mfu 21.6%
step 10850 | loss 3.4315 | lr 3.74e-04 | gnorm 0.30 | 39,501 tok/s | mfu 21.6%
step 10860 | loss 3.4511 | lr 3.73e-04 | gnorm 0.35 | 39,579 tok/s | mfu 21.7%
step 10870 | loss 3.4231 | lr 3.72e-04 | gnorm 0.30 | 39,462 tok/s | mfu 21.6%
step 10880 | loss 3.4516 | lr 3.71e-04 | gnorm 0.34 | 39,478 tok/s | mfu 21.6%
step 10890 | loss 3.5032 | lr 3.69e-04 | gnorm 0.26 | 39,548 tok/s | mfu 21.7%
step 10900 | loss 3.4418 | lr 3.68e-04 | gnorm 0.35 | 39,422 tok/s | mfu 21.6%
step 10910 | loss 3.4457 | lr 3.67e-04 | gnorm 0.26 | 39,388 tok/s | mfu 21.6%
step 10920 | loss 3.4541 | lr 3.66e-04 | gnorm 0.31 | 39,429 tok/s | mfu 21.6%
step 10930 | loss 3.4512 | lr 3.64e-04 | gnorm 0.26 | 39,440 tok/s | mfu 21.6%
step 10940 | loss 3.4244 | lr 3.63e-04 | gnorm 0.37 | 39,437 tok/s | mfu 21.6%
step 10950 | loss 3.4665 | lr 3.62e-04 | gnorm 0.30 | 39,425 tok/s | mfu 21.6%
step 10960 | loss 3.4042 | lr 3.60e-04 | gnorm 0.32 | 39,459 tok/s | mfu 21.6%
step 10970 | loss 3.4459 | lr 3.59e-04 | gnorm 0.30 | 39,555 tok/s | mfu 21.7%
step 10980 | loss 3.4462 | lr 3.58e-04 | gnorm 0.30 | 39,426 tok/s | mfu 21.6%
step 10990 | loss 3.4204 | lr 3.56e-04 | gnorm 0.34 | 39,442 tok/s | mfu 21.6%
step 11000 | loss 3.4304 | lr 3.55e-04 | gnorm 0.35 | 39,462 tok/s | mfu 21.6%
  >> eval  step 11000  train 3.4177  val 3.4400  val_ppl 31.19
step 11010 | loss 3.4581 | lr 3.53e-04 | gnorm 0.35 | 35,711 tok/s | mfu 19.6%
step 11020 | loss 3.4297 | lr 3.52e-04 | gnorm 0.28 | 39,426 tok/s | mfu 21.6%
step 11030 | loss 3.4422 | lr 3.50e-04 | gnorm 0.26 | 39,445 tok/s | mfu 21.6%
step 11040 | loss 3.4834 | lr 3.49e-04 | gnorm 0.29 | 39,471 tok/s | mfu 21.6%
step 11050 | loss 3.4407 | lr 3.47e-04 | gnorm 0.31 | 39,575 tok/s | mfu 21.7%
step 11060 | loss 3.4346 | lr 3.46e-04 | gnorm 0.31 | 39,487 tok/s | mfu 21.6%
step 11070 | loss 3.4629 | lr 3.44e-04 | gnorm 0.31 | 39,473 tok/s | mfu 21.6%
step 11080 | loss 3.4492 | lr 3.43e-04 | gnorm 0.30 | 39,474 tok/s | mfu 21.6%
step 11090 | loss 3.4258 | lr 3.41e-04 | gnorm 0.32 | 39,492 tok/s | mfu 21.6%
step 11100 | loss 3.4273 | lr 3.39e-04 | gnorm 0.25 | 39,468 tok/s | mfu 21.6%
step 11110 | loss 3.4155 | lr 3.38e-04 | gnorm 0.28 | 39,781 tok/s | mfu 21.8%
step 11120 | loss 3.4108 | lr 3.36e-04 | gnorm 0.32 | 39,560 tok/s | mfu 21.7%
step 11130 | loss 3.4933 | lr 3.34e-04 | gnorm 0.25 | 39,501 tok/s | mfu 21.6%
step 11140 | loss 3.4660 | lr 3.33e-04 | gnorm 0.29 | 39,549 tok/s | mfu 21.7%
step 11150 | loss 3.4062 | lr 3.31e-04 | gnorm 0.29 | 39,674 tok/s | mfu 21.7%
step 11160 | loss 3.4675 | lr 3.29e-04 | gnorm 0.31 | 39,460 tok/s | mfu 21.6%
step 11170 | loss 3.4526 | lr 3.28e-04 | gnorm 0.30 | 39,668 tok/s | mfu 21.7%
step 11180 | loss 3.4412 | lr 3.26e-04 | gnorm 0.26 | 39,442 tok/s | mfu 21.6%
step 11190 | loss 3.3999 | lr 3.24e-04 | gnorm 0.30 | 39,519 tok/s | mfu 21.6%
step 11200 | loss 3.4161 | lr 3.22e-04 | gnorm 0.24 | 39,392 tok/s | mfu 21.6%
step 11210 | loss 3.4208 | lr 3.20e-04 | gnorm 0.27 | 39,616 tok/s | mfu 21.7%
step 11220 | loss 3.4213 | lr 3.19e-04 | gnorm 0.28 | 39,612 tok/s | mfu 21.7%
step 11230 | loss 3.4125 | lr 3.17e-04 | gnorm 0.27 | 39,529 tok/s | mfu 21.6%
step 11240 | loss 3.4331 | lr 3.15e-04 | gnorm 0.27 | 39,473 tok/s | mfu 21.6%
step 11250 | loss 3.4130 | lr 3.13e-04 | gnorm 0.30 | 39,451 tok/s | mfu 21.6%
step 11260 | loss 3.4468 | lr 3.11e-04 | gnorm 0.27 | 39,486 tok/s | mfu 21.6%
step 11270 | loss 3.4617 | lr 3.09e-04 | gnorm 0.29 | 39,525 tok/s | mfu 21.6%
step 11280 | loss 3.4119 | lr 3.07e-04 | gnorm 0.31 | 39,456 tok/s | mfu 21.6%
step 11290 | loss 3.4282 | lr 3.06e-04 | gnorm 0.28 | 39,547 tok/s | mfu 21.7%
step 11300 | loss 3.4356 | lr 3.04e-04 | gnorm 0.30 | 39,480 tok/s | mfu 21.6%
step 11310 | loss 3.4226 | lr 3.02e-04 | gnorm 0.28 | 39,419 tok/s | mfu 21.6%
step 11320 | loss 3.3935 | lr 3.00e-04 | gnorm 0.27 | 39,459 tok/s | mfu 21.6%
step 11330 | loss 3.4382 | lr 2.98e-04 | gnorm 0.27 | 39,457 tok/s | mfu 21.6%
step 11340 | loss 3.4665 | lr 2.96e-04 | gnorm 0.27 | 39,476 tok/s | mfu 21.6%
step 11350 | loss 3.3995 | lr 2.94e-04 | gnorm 0.27 | 39,463 tok/s | mfu 21.6%
step 11360 | loss 3.4497 | lr 2.92e-04 | gnorm 0.31 | 39,456 tok/s | mfu 21.6%
step 11370 | loss 3.4086 | lr 2.90e-04 | gnorm 0.29 | 39,570 tok/s | mfu 21.7%
step 11380 | loss 3.4487 | lr 2.88e-04 | gnorm 0.28 | 39,680 tok/s | mfu 21.7%
step 11390 | loss 3.4646 | lr 2.86e-04 | gnorm 0.26 | 39,519 tok/s | mfu 21.6%
step 11400 | loss 3.4160 | lr 2.84e-04 | gnorm 0.31 | 39,462 tok/s | mfu 21.6%
step 11410 | loss 3.4142 | lr 2.82e-04 | gnorm 0.28 | 39,571 tok/s | mfu 21.7%
step 11420 | loss 3.4045 | lr 2.80e-04 | gnorm 0.28 | 39,616 tok/s | mfu 21.7%
step 11430 | loss 3.4625 | lr 2.78e-04 | gnorm 0.28 | 39,472 tok/s | mfu 21.6%
step 11440 | loss 3.4136 | lr 2.76e-04 | gnorm 0.30 | 39,452 tok/s | mfu 21.6%
step 11450 | loss 3.4287 | lr 2.74e-04 | gnorm 0.27 | 39,503 tok/s | mfu 21.6%
step 11460 | loss 3.4313 | lr 2.71e-04 | gnorm 0.31 | 39,427 tok/s | mfu 21.6%
step 11470 | loss 3.4131 | lr 2.69e-04 | gnorm 0.27 | 39,445 tok/s | mfu 21.6%
step 11480 | loss 3.3757 | lr 2.67e-04 | gnorm 0.29 | 39,439 tok/s | mfu 21.6%
step 11490 | loss 3.4296 | lr 2.65e-04 | gnorm 0.30 | 39,470 tok/s | mfu 21.6%
step 11500 | loss 3.4346 | lr 2.63e-04 | gnorm 0.28 | 39,629 tok/s | mfu 21.7%
step 11510 | loss 3.4223 | lr 2.61e-04 | gnorm 0.28 | 39,772 tok/s | mfu 21.8%
step 11520 | loss 3.3759 | lr 2.59e-04 | gnorm 0.27 | 39,516 tok/s | mfu 21.6%
step 11530 | loss 3.4356 | lr 2.57e-04 | gnorm 0.32 | 39,706 tok/s | mfu 21.7%
step 11540 | loss 3.4324 | lr 2.55e-04 | gnorm 0.27 | 39,463 tok/s | mfu 21.6%
step 11550 | loss 3.4534 | lr 2.52e-04 | gnorm 0.27 | 39,474 tok/s | mfu 21.6%
step 11560 | loss 3.4544 | lr 2.50e-04 | gnorm 0.33 | 39,478 tok/s | mfu 21.6%
step 11570 | loss 3.4002 | lr 2.48e-04 | gnorm 0.31 | 39,561 tok/s | mfu 21.7%
step 11580 | loss 3.3801 | lr 2.46e-04 | gnorm 0.27 | 39,482 tok/s | mfu 21.6%
step 11590 | loss 3.3977 | lr 2.44e-04 | gnorm 0.30 | 39,679 tok/s | mfu 21.7%
step 11600 | loss 3.4498 | lr 2.42e-04 | gnorm 0.27 | 39,451 tok/s | mfu 21.6%
step 11610 | loss 3.4228 | lr 2.40e-04 | gnorm 0.28 | 39,516 tok/s | mfu 21.6%
step 11620 | loss 3.4295 | lr 2.37e-04 | gnorm 0.27 | 39,732 tok/s | mfu 21.8%
step 11630 | loss 3.3942 | lr 2.35e-04 | gnorm 0.27 | 39,631 tok/s | mfu 21.7%
step 11640 | loss 3.4213 | lr 2.33e-04 | gnorm 0.23 | 39,512 tok/s | mfu 21.6%
step 11650 | loss 3.4057 | lr 2.31e-04 | gnorm 0.25 | 39,436 tok/s | mfu 21.6%
step 11660 | loss 3.4017 | lr 2.29e-04 | gnorm 0.28 | 39,632 tok/s | mfu 21.7%
step 11670 | loss 3.3786 | lr 2.27e-04 | gnorm 0.23 | 39,488 tok/s | mfu 21.6%
step 11680 | loss 3.4503 | lr 2.24e-04 | gnorm 0.27 | 39,539 tok/s | mfu 21.7%
step 11690 | loss 3.4410 | lr 2.22e-04 | gnorm 0.30 | 39,450 tok/s | mfu 21.6%
step 11700 | loss 3.4308 | lr 2.20e-04 | gnorm 0.27 | 39,478 tok/s | mfu 21.6%
step 11710 | loss 3.4681 | lr 2.18e-04 | gnorm 0.24 | 39,487 tok/s | mfu 21.6%
step 11720 | loss 3.4374 | lr 2.16e-04 | gnorm 0.38 | 39,454 tok/s | mfu 21.6%
step 11730 | loss 3.4411 | lr 2.13e-04 | gnorm 0.28 | 39,424 tok/s | mfu 21.6%
step 11740 | loss 3.4020 | lr 2.11e-04 | gnorm 0.24 | 39,436 tok/s | mfu 21.6%
step 11750 | loss 3.3714 | lr 2.09e-04 | gnorm 0.24 | 39,486 tok/s | mfu 21.6%
step 11760 | loss 3.3878 | lr 2.07e-04 | gnorm 0.23 | 39,436 tok/s | mfu 21.6%
step 11770 | loss 3.3638 | lr 2.05e-04 | gnorm 0.29 | 39,423 tok/s | mfu 21.6%
step 11780 | loss 3.3898 | lr 2.03e-04 | gnorm 0.25 | 39,461 tok/s | mfu 21.6%
step 11790 | loss 3.3800 | lr 2.00e-04 | gnorm 0.24 | 39,457 tok/s | mfu 21.6%
step 11800 | loss 3.4418 | lr 1.98e-04 | gnorm 0.25 | 39,530 tok/s | mfu 21.6%
step 11810 | loss 3.4084 | lr 1.96e-04 | gnorm 0.25 | 39,762 tok/s | mfu 21.8%
step 11820 | loss 3.3957 | lr 1.94e-04 | gnorm 0.25 | 39,455 tok/s | mfu 21.6%
step 11830 | loss 3.4135 | lr 1.92e-04 | gnorm 0.26 | 39,473 tok/s | mfu 21.6%
step 11840 | loss 3.4220 | lr 1.90e-04 | gnorm 0.27 | 39,469 tok/s | mfu 21.6%
step 11850 | loss 3.4341 | lr 1.88e-04 | gnorm 0.29 | 39,439 tok/s | mfu 21.6%
step 11860 | loss 3.4360 | lr 1.85e-04 | gnorm 0.33 | 39,503 tok/s | mfu 21.6%
step 11870 | loss 3.4057 | lr 1.83e-04 | gnorm 0.23 | 39,476 tok/s | mfu 21.6%
step 11880 | loss 3.4460 | lr 1.81e-04 | gnorm 0.25 | 39,495 tok/s | mfu 21.6%
step 11890 | loss 3.4027 | lr 1.79e-04 | gnorm 0.24 | 39,482 tok/s | mfu 21.6%
step 11900 | loss 3.4198 | lr 1.77e-04 | gnorm 0.25 | 39,503 tok/s | mfu 21.6%
step 11910 | loss 3.4480 | lr 1.75e-04 | gnorm 0.24 | 39,508 tok/s | mfu 21.6%
step 11920 | loss 3.3716 | lr 1.73e-04 | gnorm 0.23 | 39,524 tok/s | mfu 21.6%
step 11930 | loss 3.4132 | lr 1.71e-04 | gnorm 0.26 | 39,484 tok/s | mfu 21.6%
step 11940 | loss 3.3698 | lr 1.69e-04 | gnorm 0.25 | 39,517 tok/s | mfu 21.6%
step 11950 | loss 3.3775 | lr 1.66e-04 | gnorm 0.26 | 39,488 tok/s | mfu 21.6%
step 11960 | loss 3.3858 | lr 1.64e-04 | gnorm 0.25 | 39,451 tok/s | mfu 21.6%
step 11970 | loss 3.4033 | lr 1.62e-04 | gnorm 0.23 | 39,475 tok/s | mfu 21.6%
step 11980 | loss 3.4174 | lr 1.60e-04 | gnorm 0.27 | 39,652 tok/s | mfu 21.7%
step 11990 | loss 3.4082 | lr 1.58e-04 | gnorm 0.25 | 39,465 tok/s | mfu 21.6%
step 12000 | loss 3.3539 | lr 1.56e-04 | gnorm 0.24 | 39,506 tok/s | mfu 21.6%
  >> eval  step 12000  train 3.3795  val 3.4203  val_ppl 30.58
  >> saved ckpt/ckpt_12000.pt
step 12010 | loss 3.3924 | lr 1.54e-04 | gnorm 0.25 | 35,512 tok/s | mfu 19.4%
step 12020 | loss 3.3897 | lr 1.52e-04 | gnorm 0.25 | 39,463 tok/s | mfu 21.6%
step 12030 | loss 3.3704 | lr 1.50e-04 | gnorm 0.25 | 39,582 tok/s | mfu 21.7%
step 12040 | loss 3.3463 | lr 1.48e-04 | gnorm 0.22 | 39,575 tok/s | mfu 21.7%
step 12050 | loss 3.4252 | lr 1.46e-04 | gnorm 0.23 | 39,490 tok/s | mfu 21.6%
step 12060 | loss 3.3787 | lr 1.44e-04 | gnorm 0.24 | 39,461 tok/s | mfu 21.6%
step 12070 | loss 3.3992 | lr 1.42e-04 | gnorm 0.23 | 39,470 tok/s | mfu 21.6%
step 12080 | loss 3.4021 | lr 1.40e-04 | gnorm 0.25 | 39,418 tok/s | mfu 21.6%
step 12090 | loss 3.4081 | lr 1.38e-04 | gnorm 0.23 | 39,433 tok/s | mfu 21.6%
step 12100 | loss 3.4330 | lr 1.36e-04 | gnorm 0.23 | 39,524 tok/s | mfu 21.6%
step 12110 | loss 3.3926 | lr 1.34e-04 | gnorm 0.22 | 39,538 tok/s | mfu 21.7%
step 12120 | loss 3.4170 | lr 1.33e-04 | gnorm 0.22 | 39,646 tok/s | mfu 21.7%
step 12130 | loss 3.3844 | lr 1.31e-04 | gnorm 0.22 | 39,667 tok/s | mfu 21.7%
step 12140 | loss 3.4317 | lr 1.29e-04 | gnorm 0.24 | 39,474 tok/s | mfu 21.6%
step 12150 | loss 3.4077 | lr 1.27e-04 | gnorm 0.22 | 39,448 tok/s | mfu 21.6%
step 12160 | loss 3.4251 | lr 1.25e-04 | gnorm 0.22 | 39,526 tok/s | mfu 21.6%
step 12170 | loss 3.4142 | lr 1.23e-04 | gnorm 0.23 | 39,485 tok/s | mfu 21.6%
step 12180 | loss 3.4093 | lr 1.21e-04 | gnorm 0.22 | 39,457 tok/s | mfu 21.6%
step 12190 | loss 3.3341 | lr 1.20e-04 | gnorm 0.24 | 39,485 tok/s | mfu 21.6%
step 12200 | loss 3.3554 | lr 1.18e-04 | gnorm 0.22 | 39,504 tok/s | mfu 21.6%
step 12210 | loss 3.4032 | lr 1.16e-04 | gnorm 0.22 | 39,636 tok/s | mfu 21.7%
step 12220 | loss 3.3878 | lr 1.14e-04 | gnorm 0.23 | 39,528 tok/s | mfu 21.6%
step 12230 | loss 3.3844 | lr 1.12e-04 | gnorm 0.21 | 39,515 tok/s | mfu 21.6%
step 12240 | loss 3.3943 | lr 1.11e-04 | gnorm 0.22 | 39,437 tok/s | mfu 21.6%
step 12250 | loss 3.3669 | lr 1.09e-04 | gnorm 0.22 | 39,677 tok/s | mfu 21.7%
step 12260 | loss 3.3585 | lr 1.07e-04 | gnorm 0.21 | 39,507 tok/s | mfu 21.6%
step 12270 | loss 3.3968 | lr 1.06e-04 | gnorm 0.22 | 39,467 tok/s | mfu 21.6%
step 12280 | loss 3.3829 | lr 1.04e-04 | gnorm 0.22 | 39,442 tok/s | mfu 21.6%
step 12290 | loss 3.3462 | lr 1.02e-04 | gnorm 0.26 | 39,481 tok/s | mfu 21.6%
step 12300 | loss 3.3615 | lr 1.01e-04 | gnorm 0.23 | 39,519 tok/s | mfu 21.6%
step 12310 | loss 3.3796 | lr 9.90e-05 | gnorm 0.23 | 39,453 tok/s | mfu 21.6%
step 12320 | loss 3.4043 | lr 9.74e-05 | gnorm 0.21 | 39,437 tok/s | mfu 21.6%
step 12330 | loss 3.3774 | lr 9.58e-05 | gnorm 0.22 | 39,549 tok/s | mfu 21.7%
step 12340 | loss 3.3799 | lr 9.43e-05 | gnorm 0.21 | 39,476 tok/s | mfu 21.6%
step 12350 | loss 3.3434 | lr 9.27e-05 | gnorm 0.21 | 39,549 tok/s | mfu 21.7%
step 12360 | loss 3.3265 | lr 9.12e-05 | gnorm 0.21 | 39,690 tok/s | mfu 21.7%
step 12370 | loss 3.4229 | lr 8.97e-05 | gnorm 0.22 | 39,548 tok/s | mfu 21.7%
step 12380 | loss 3.3648 | lr 8.82e-05 | gnorm 0.21 | 39,725 tok/s | mfu 21.8%
step 12390 | loss 3.3579 | lr 8.67e-05 | gnorm 0.20 | 39,516 tok/s | mfu 21.6%
step 12400 | loss 3.3760 | lr 8.53e-05 | gnorm 0.22 | 39,542 tok/s | mfu 21.7%
step 12410 | loss 3.3564 | lr 8.38e-05 | gnorm 0.22 | 39,471 tok/s | mfu 21.6%
step 12420 | loss 3.4164 | lr 8.24e-05 | gnorm 0.22 | 39,571 tok/s | mfu 21.7%
step 12430 | loss 3.3436 | lr 8.10e-05 | gnorm 0.21 | 39,498 tok/s | mfu 21.6%
step 12440 | loss 3.3640 | lr 7.97e-05 | gnorm 0.22 | 39,485 tok/s | mfu 21.6%
step 12450 | loss 3.4007 | lr 7.83e-05 | gnorm 0.20 | 39,487 tok/s | mfu 21.6%
step 12460 | loss 3.3700 | lr 7.70e-05 | gnorm 0.22 | 39,466 tok/s | mfu 21.6%
step 12470 | loss 3.4265 | lr 7.57e-05 | gnorm 0.22 | 39,414 tok/s | mfu 21.6%
step 12480 | loss 3.3394 | lr 7.44e-05 | gnorm 0.22 | 39,466 tok/s | mfu 21.6%
step 12490 | loss 3.3994 | lr 7.31e-05 | gnorm 0.20 | 39,464 tok/s | mfu 21.6%
step 12500 | loss 3.3493 | lr 7.19e-05 | gnorm 0.21 | 39,592 tok/s | mfu 21.7%
step 12510 | loss 3.3410 | lr 7.06e-05 | gnorm 0.20 | 39,455 tok/s | mfu 21.6%
step 12520 | loss 3.3259 | lr 6.94e-05 | gnorm 0.23 | 39,433 tok/s | mfu 21.6%
step 12530 | loss 3.3959 | lr 6.83e-05 | gnorm 0.20 | 39,479 tok/s | mfu 21.6%
step 12540 | loss 3.3742 | lr 6.71e-05 | gnorm 0.32 | 39,426 tok/s | mfu 21.6%
step 12550 | loss 3.3791 | lr 6.60e-05 | gnorm 0.20 | 39,423 tok/s | mfu 21.6%
step 12560 | loss 3.3170 | lr 6.48e-05 | gnorm 0.20 | 39,409 tok/s | mfu 21.6%
step 12570 | loss 3.3502 | lr 6.38e-05 | gnorm 0.21 | 39,427 tok/s | mfu 21.6%
step 12580 | loss 3.3894 | lr 6.27e-05 | gnorm 0.20 | 39,453 tok/s | mfu 21.6%
step 12590 | loss 3.3845 | lr 6.16e-05 | gnorm 0.21 | 39,426 tok/s | mfu 21.6%
step 12600 | loss 3.3801 | lr 6.06e-05 | gnorm 0.20 | 39,425 tok/s | mfu 21.6%
step 12610 | loss 3.3765 | lr 5.96e-05 | gnorm 0.20 | 39,453 tok/s | mfu 21.6%
step 12620 | loss 3.4199 | lr 5.86e-05 | gnorm 0.20 | 39,411 tok/s | mfu 21.6%
step 12630 | loss 3.3577 | lr 5.77e-05 | gnorm 0.20 | 39,464 tok/s | mfu 21.6%
step 12640 | loss 3.3140 | lr 5.68e-05 | gnorm 0.21 | 39,461 tok/s | mfu 21.6%
step 12650 | loss 3.3710 | lr 5.59e-05 | gnorm 0.21 | 39,521 tok/s | mfu 21.6%
step 12660 | loss 3.3385 | lr 5.50e-05 | gnorm 0.20 | 39,457 tok/s | mfu 21.6%
step 12670 | loss 3.3579 | lr 5.41e-05 | gnorm 0.20 | 39,466 tok/s | mfu 21.6%
step 12680 | loss 3.3483 | lr 5.33e-05 | gnorm 0.20 | 39,469 tok/s | mfu 21.6%
step 12690 | loss 3.3871 | lr 5.25e-05 | gnorm 0.20 | 39,436 tok/s | mfu 21.6%
step 12700 | loss 3.3491 | lr 5.17e-05 | gnorm 0.20 | 39,476 tok/s | mfu 21.6%
step 12710 | loss 3.3805 | lr 5.09e-05 | gnorm 0.20 | 39,502 tok/s | mfu 21.6%
step 12720 | loss 3.3769 | lr 5.02e-05 | gnorm 0.20 | 39,427 tok/s | mfu 21.6%
step 12730 | loss 3.3571 | lr 4.95e-05 | gnorm 0.22 | 39,470 tok/s | mfu 21.6%
step 12740 | loss 3.3758 | lr 4.88e-05 | gnorm 0.19 | 39,462 tok/s | mfu 21.6%
step 12750 | loss 3.3636 | lr 4.82e-05 | gnorm 0.21 | 39,419 tok/s | mfu 21.6%
step 12760 | loss 3.3345 | lr 4.75e-05 | gnorm 0.20 | 39,447 tok/s | mfu 21.6%
step 12770 | loss 3.3998 | lr 4.69e-05 | gnorm 0.20 | 39,465 tok/s | mfu 21.6%
step 12780 | loss 3.3564 | lr 4.63e-05 | gnorm 0.19 | 39,448 tok/s | mfu 21.6%
step 12790 | loss 3.3813 | lr 4.58e-05 | gnorm 0.20 | 39,431 tok/s | mfu 21.6%
step 12800 | loss 3.3775 | lr 4.52e-05 | gnorm 0.23 | 39,411 tok/s | mfu 21.6%
step 12810 | loss 3.4029 | lr 4.47e-05 | gnorm 0.20 | 39,523 tok/s | mfu 21.6%
step 12820 | loss 3.3961 | lr 4.42e-05 | gnorm 0.22 | 39,461 tok/s | mfu 21.6%
step 12830 | loss 3.3620 | lr 4.38e-05 | gnorm 0.19 | 39,428 tok/s | mfu 21.6%
step 12840 | loss 3.3600 | lr 4.34e-05 | gnorm 0.25 | 39,462 tok/s | mfu 21.6%
step 12850 | loss 3.3848 | lr 4.29e-05 | gnorm 0.20 | 39,448 tok/s | mfu 21.6%
step 12860 | loss 3.3377 | lr 4.26e-05 | gnorm 0.19 | 39,451 tok/s | mfu 21.6%
step 12870 | loss 3.4038 | lr 4.22e-05 | gnorm 0.20 | 39,688 tok/s | mfu 21.7%
step 12880 | loss 3.4266 | lr 4.19e-05 | gnorm 0.19 | 39,544 tok/s | mfu 21.7%
step 12890 | loss 3.4028 | lr 4.16e-05 | gnorm 0.21 | 39,471 tok/s | mfu 21.6%
step 12900 | loss 3.3308 | lr 4.13e-05 | gnorm 0.20 | 39,448 tok/s | mfu 21.6%
step 12910 | loss 3.3622 | lr 4.11e-05 | gnorm 0.19 | 39,515 tok/s | mfu 21.6%
step 12920 | loss 3.3338 | lr 4.08e-05 | gnorm 0.19 | 39,483 tok/s | mfu 21.6%
step 12930 | loss 3.3721 | lr 4.06e-05 | gnorm 0.30 | 39,425 tok/s | mfu 21.6%
step 12940 | loss 3.3335 | lr 4.05e-05 | gnorm 0.20 | 39,489 tok/s | mfu 21.6%
step 12950 | loss 3.3678 | lr 4.03e-05 | gnorm 0.20 | 39,619 tok/s | mfu 21.7%
step 12960 | loss 3.2989 | lr 4.02e-05 | gnorm 0.19 | 39,583 tok/s | mfu 21.7%
step 12970 | loss 3.3354 | lr 4.01e-05 | gnorm 0.19 | 39,543 tok/s | mfu 21.7%
step 12980 | loss 3.3624 | lr 4.01e-05 | gnorm 0.19 | 39,518 tok/s | mfu 21.6%
step 12990 | loss 3.3494 | lr 4.00e-05 | gnorm 0.19 | 39,518 tok/s | mfu 21.6%
saved ckpt/ckpt_final.pt
